/*
SQLyog Ultimate v11.27 (32 bit)
MySQL - 5.7.11 : Database - kind_permission
*********************************************************************
*/

/*!40101 SET NAMES utf8 */;

/*!40101 SET SQL_MODE=''*/;

/*!40014 SET @OLD_UNIQUE_CHECKS=@@UNIQUE_CHECKS, UNIQUE_CHECKS=0 */;
/*!40101 SET @OLD_SQL_MODE=@@SQL_MODE, SQL_MODE='NO_AUTO_VALUE_ON_ZERO' */;
/*!40111 SET @OLD_SQL_NOTES=@@SQL_NOTES, SQL_NOTES=0 */;
/*Table structure for table `sql_users` */

CREATE TABLE `sql_users` (
  `id` int(11) NOT NULL AUTO_INCREMENT COMMENT '主键',
  `user_name` varchar(45) DEFAULT NULL COMMENT '用户名',
  `pass_word` varchar(80) DEFAULT NULL COMMENT '密码',
  `role` varchar(45) DEFAULT NULL COMMENT '角色： develop|test|admin',
  `is_delete` tinyint(4) DEFAULT NULL,
  `db_names` varchar(45) DEFAULT NULL COMMENT '可操作的dbname',
  `modify_time` datetime DEFAULT NULL COMMENT '修改时间',
  `create_time` datetime DEFAULT NULL COMMENT '创建时间',
  PRIMARY KEY (`id`),
  KEY `username_password_index` (`user_name`,`pass_word`)
) ENGINE=InnoDB AUTO_INCREMENT=15 DEFAULT CHARSET=utf8 COMMENT='用户表';

/*Data for the table `sql_users` */

insert  into `sql_users`(`id`,`user_name`,`pass_word`,`role`,`is_delete`,`db_names`,`modify_time`,`create_time`) values (11,'admin0','1111','1',1,'',NULL,NULL),(12,'admin2','2222','2',2,NULL,NULL,NULL),(13,'admin3','222','1',1,NULL,NULL,NULL),(14,'admin4','111','2',0,NULL,NULL,NULL);

/*Table structure for table `sys_log` */

CREATE TABLE `sys_log` (
  `id` bigint(12) NOT NULL AUTO_INCREMENT COMMENT '主键',
  `oper_code` varchar(64) NOT NULL COMMENT '操作代码',
  `type` varchar(32) DEFAULT NULL COMMENT '类型',
  `os` varchar(64) DEFAULT NULL COMMENT '系统信息',
  `browser` varchar(64) DEFAULT NULL COMMENT '浏览器信息',
  `ip_addr` varchar(32) DEFAULT NULL COMMENT 'ip地址',
  `mac` varchar(32) DEFAULT NULL COMMENT 'mac地址',
  `execute_time` int(10) DEFAULT NULL COMMENT '执行时间',
  `description` varchar(512) DEFAULT NULL COMMENT '描述',
  `request_param` varchar(512) DEFAULT NULL COMMENT '请求参数',
  `create_user` varchar(32) DEFAULT NULL COMMENT '创建人',
  `create_time` datetime NOT NULL DEFAULT CURRENT_TIMESTAMP COMMENT '创建时间',
  PRIMARY KEY (`id`)
) ENGINE=InnoDB AUTO_INCREMENT=7 DEFAULT CHARSET=utf8 COMMENT='用户日志';

/*Data for the table `sys_log` */

insert  into `sys_log`(`id`,`oper_code`,`type`,`os`,`browser`,`ip_addr`,`mac`,`execute_time`,`description`,`request_param`,`create_user`,`create_time`) values (1,'/wheat/order',NULL,'Windows','Chrome','127.0.0.1','B8-AE-ED-93-4C-74',134,NULL,'{}','admin','2016-07-25 14:32:26'),(2,'/system/role',NULL,'Windows','Chrome','127.0.0.1','B8-AE-ED-93-4C-74',273,NULL,'{}','admin','2016-07-25 14:32:34'),(3,'/wheat/order',NULL,'Windows','Chrome','127.0.0.1','B8-AE-ED-93-4C-74',136,NULL,'{}','admin','2016-07-25 15:22:14'),(4,'/wheat/order',NULL,'Windows','Chrome','127.0.0.1','B8-AE-ED-93-4C-74',83,NULL,'{}','admin','2016-07-25 15:22:38'),(5,'/wheat/order',NULL,'Windows','Chrome','127.0.0.1','B8-AE-ED-93-4C-74',148,NULL,'{}','admin','2016-07-25 15:38:05'),(6,'/wheat/order',NULL,'Windows','Chrome','127.0.0.1','B8-AE-ED-93-4C-74',2,NULL,'{}','admin','2016-07-25 15:42:09');

/*Table structure for table `sys_logininfo` */

CREATE TABLE `sys_logininfo` (
  `ID` int(11) DEFAULT '0',
  `InfoLevel` int(11) DEFAULT '0',
  `InfoType` varchar(100) COLLATE utf8_bin DEFAULT '',
  `createtime` datetime DEFAULT NULL,
  `info` varchar(250) COLLATE utf8_bin DEFAULT '',
  `operatorID` int(11) DEFAULT '0',
  `roleID` int(11) DEFAULT '0',
  `corpID` int(11) DEFAULT '0',
  `sessionID` int(11) DEFAULT '0'
) ENGINE=InnoDB DEFAULT CHARSET=utf8 COLLATE=utf8_bin;

/*Data for the table `sys_logininfo` */

insert  into `sys_logininfo`(`ID`,`InfoLevel`,`InfoType`,`createtime`,`info`,`operatorID`,`roleID`,`corpID`,`sessionID`) values (10000,0,'登录','0000-00-00 00:00:00','用户[系统管理员]以角色[系统管理员]在客户端[eddbb2d5-eecb-42d2-b914-796d37497c11(10.10.251.41)]登录',1,1,999,10000),(10001,1,'用户已登录','0000-00-00 00:00:00','用户[系统管理员]尝试以角色[系统管理员]在客户端[9bb1c11c-b738-4a38-87f0-75263908339f(10.10.251.41)]登录',1,-999,-999,-999),(10002,0,'登录','0000-00-00 00:00:00','用户[商杰]以角色[系统管理员]在客户端[9bb1c11c-b738-4a38-87f0-75263908339f(10.10.251.41)]登录',10200,1,999,10001),(10003,0,'登录','0000-00-00 00:00:00','用户[陈晟宁]以角色[系统管理员]在客户端[C6BB3A13-9580-0001-CBD8-34B0112B1BC1(10.10.251.41)]登录',10202,1,999,10002),(10004,1,'登录超时','0000-00-00 00:00:00','userCode:[CHENSN]登录超时，上次活动时间为：2015-08-25 14:26:53,当前时间为：2015-08-25 15:40:28,相隔时间为73分钟',10202,1,999,10002),(10005,0,'超时','0000-00-00 00:00:00','SessionID[10001]超时，被系统自动清除',-1,-1,-1,-1),(10006,0,'超时','0000-00-00 00:00:00','SessionID[10002]超时，被系统自动清除',-1,-1,-1,-1),(10007,0,'登录','0000-00-00 00:00:00','用户[陈晟宁]以角色[系统管理员]在客户端[C6BB3A13-9580-0001-CBD8-34B0112B1BC1(10.10.251.41)]登录',10202,1,999,10003),(12332,0,'超时','2015-08-25 18:09:31','SessionID[10000]超时，被系统自动清除',-1,-1,-1,-1),(12333,0,'超时','2015-08-25 18:09:31','SessionID[10003]超时，被系统自动清除',-1,-1,-1,-1),(12334,0,'登录','2015-08-25 18:09:31','用户[陈晟宁]以角色[系统管理员]在客户端[72ff1703-ea05-4945-9e22-134a84af6108(192.168.46.41)]登录',10202,1,999,12315),(12335,0,'登录','2015-08-25 20:06:50','用户[陈晟宁]登出',10202,1,999,12315),(12336,0,'登录','2015-08-25 20:08:06','用户[陈晟宁]以角色[系统管理员]在客户端[C6BCB56F-BC00-0001-F497-BA168EA91AF0(192.168.46.63)]登录',10202,1,999,12316),(12337,0,'登录','2015-08-25 20:13:58','用户[陈晟宁]以角色[系统管理员]在客户端[C6BCB56F-BC00-0001-F497-BA168EA91AF0(192.168.46.63)]登录',10202,1,999,12317),(12338,1,'用户已登录','2015-08-25 20:18:39','用户[陈晟宁]尝试以角色[系统管理员]在客户端[72ff1703-ea05-4945-9e22-134a84af6108(192.168.46.41)]登录',10202,-999,-999,-999),(12339,0,'登录','2015-08-25 20:18:55','用户[陈晟宁]登出',10202,1,999,12317),(12340,0,'登录','2015-08-25 20:19:01','用户[张军]以角色[系统管理员]在客户端[C6BCB56F-BC00-0001-F497-BA168EA91AF0(192.168.46.63)]登录',10204,1,999,12318),(12341,0,'登录','2015-08-25 20:19:13','用户[陈晟宁]以角色[系统管理员]在客户端[72ff1703-ea05-4945-9e22-134a84af6108(192.168.46.41)]登录',10202,1,999,12319),(12342,2,'密码错误','2015-08-25 20:21:18','用户[系统管理员]尝试在客户端[65c11532-7ab1-4629-bc54-f694d8915b5d(192.168.46.43)]登录时密码错误',1,-999,-999,-999),(12343,0,'登录','2015-08-25 20:21:24','用户[商杰]以角色[系统管理员]在客户端[65c11532-7ab1-4629-bc54-f694d8915b5d(192.168.46.43)]登录',10200,1,999,12320),(10100,2,'密码错误','2015-08-26 14:21:08','用户[系统管理员]尝试在客户端[C6BD0F84-3620-0001-545D-CC6014E01E15(192.168.46.41)]登录时密码错误',1,-999,-999,-999),(10101,0,'超时','2015-08-26 14:21:16','SessionID[12318]超时，被系统自动清除',-1,-1,-1,-1),(10102,0,'超时','2015-08-26 14:21:16','SessionID[12319]超时，被系统自动清除',-1,-1,-1,-1),(10103,0,'超时','2015-08-26 14:21:16','SessionID[12320]超时，被系统自动清除',-1,-1,-1,-1),(10104,0,'登录','2015-08-26 14:21:16','用户[陈晟宁]以角色[系统管理员]在客户端[C6BD0F84-3620-0001-545D-CC6014E01E15(192.168.46.41)]登录',10202,1,999,10100),(10105,0,'登录','2015-08-26 14:46:35','用户[陈晟宁]登出',10202,1,999,10100),(10106,0,'登录','2015-08-26 15:51:25','用户[陈晟宁]以角色[系统管理员]在客户端[C6BD1ACC-A260-0001-2D45-11C76CF012C1(192.168.46.49)]登录',10202,1,999,10101),(10107,1,'用户已登录','2015-08-26 15:55:40','用户[陈晟宁]尝试以角色[系统管理员]在客户端[C6BD0F84-3620-0001-545D-CC6014E01E15(192.168.46.41)]登录',10202,-999,-999,-999),(10108,0,'登录','2015-08-26 15:55:49','用户[陈晟宁]登出',10202,1,999,10101),(10109,0,'登录','2015-08-26 15:55:52','用户[陈晟宁]以角色[系统管理员]在客户端[C6BD0F84-3620-0001-545D-CC6014E01E15(192.168.46.41)]登录',10202,1,999,10102),(10110,0,'登录','2015-08-26 15:55:59','用户[郑鹏]以角色[系统管理员]在客户端[C6BD1ACC-A260-0001-2D45-11C76CF012C1(192.168.46.49)]登录',12700,1,999,10103),(10200,2,'密码错误','2015-08-26 17:52:28','用户[系统管理员]尝试在客户端[31243818-82c3-42bb-97ea-a4d140ea133a(192.168.46.65)]登录时密码错误',1,-999,-999,-999),(10300,1,'登录超时','2015-08-26 17:58:35','userCode:[CHENSN]登录超时，上次活动时间为：2015-08-26 15:57:28,当前时间为：2015-08-26 17:58:35,相隔时间为121分钟',10202,1,999,10102),(10301,0,'超时','2015-08-26 17:58:37','SessionID[10102]超时，被系统自动清除',-1,-1,-1,-1),(10302,0,'超时','2015-08-26 17:58:37','SessionID[10103]超时，被系统自动清除',-1,-1,-1,-1),(10303,0,'登录','2015-08-26 17:58:37','用户[陈晟宁]以角色[系统管理员]在客户端[C6BD0F84-3620-0001-545D-CC6014E01E15(192.168.46.41)]登录',10202,1,999,10200),(10304,0,'登录','2015-08-26 17:59:28','用户[商杰]以角色[系统管理员]在客户端[65c11532-7ab1-4629-bc54-f694d8915b5d(192.168.46.43)]登录',10200,1,999,10201),(10400,0,'登录','2015-08-26 18:05:01','用户[陈晟宁]以角色[系统管理员]在客户端[C6BD0F84-3620-0001-545D-CC6014E01E15(192.168.46.41)]登录',10202,1,999,10300),(10401,0,'登录','2015-08-26 18:17:35','用户[郑鹏]以角色[系统管理员]在客户端[C6BD1ACC-A260-0001-2D45-11C76CF012C1(192.168.46.49)]登录',12700,1,999,10301),(10402,2,'密码错误','2015-08-27 09:31:01','用户[系统管理员]尝试在客户端[75c22a62-929a-417c-9c57-54e16c8cd764(192.168.46.52)]登录时密码错误',1,-999,-999,-999),(10403,0,'超时','2015-08-27 09:31:07','SessionID[10201]超时，被系统自动清除',-1,-1,-1,-1),(10404,0,'超时','2015-08-27 09:31:07','SessionID[10300]超时，被系统自动清除',-1,-1,-1,-1),(10405,0,'超时','2015-08-27 09:31:07','SessionID[10301]超时，被系统自动清除',-1,-1,-1,-1),(10406,0,'登录','2015-08-27 09:31:07','用户[商杰]以角色[系统管理员]在客户端[75c22a62-929a-417c-9c57-54e16c8cd764(192.168.46.52)]登录',10200,1,999,10302),(10407,0,'登录','2015-08-27 09:31:23','用户[商杰]登出',10200,1,999,10302),(10408,0,'登录','2015-08-27 09:31:40','用户[陈晟宁]以角色[系统管理员]在客户端[75c22a62-929a-417c-9c57-54e16c8cd764(192.168.46.52)]登录',10202,1,999,10303),(10409,0,'登录','2015-08-27 09:31:50','用户[陈晟宁]登出',10202,1,999,10303),(10410,0,'登录','2015-08-27 09:31:55','用户[郑鹏]以角色[系统管理员]在客户端[C6BD1ACC-A260-0001-2D45-11C76CF012C1(192.168.46.46)]登录',12700,1,999,10304),(10411,0,'登录','2015-08-27 09:33:03','用户[陈晟宁]以角色[系统管理员]在客户端[60524f6a-4574-4c08-bcbc-910dcbb77483(192.168.46.50)]登录',10202,1,999,10305),(10412,0,'登录','2015-08-27 09:51:56','用户[商杰]以角色[系统管理员]在客户端[75c22a62-929a-417c-9c57-54e16c8cd764(192.168.46.52)]登录',10200,1,999,10306),(10413,0,'登录','2015-08-27 10:22:05','用户[郑鹏]登出',12700,1,999,10304),(10414,2,'密码错误','2015-08-27 10:28:21','用户[郑鹏]尝试在客户端[C6BD1ACC-A260-0001-2D45-11C76CF012C1(192.168.46.46)]登录时密码错误',12700,-999,-999,-999),(10415,0,'登录','2015-08-27 10:28:25','用户[郑鹏]以角色[系统管理员]在客户端[C6BD1ACC-A260-0001-2D45-11C76CF012C1(192.168.46.46)]登录',12700,1,999,10307),(10416,0,'登录','2015-08-27 10:32:53','用户[郑鹏]登出',12700,1,999,10307),(10417,0,'登录','2015-08-27 10:32:55','用户[郑鹏]以角色[系统管理员]在客户端[C6BD1ACC-A260-0001-2D45-11C76CF012C1(192.168.46.46)]登录',12700,1,999,10308),(10418,0,'登录','2015-08-27 10:43:09','用户[郑鹏]登出',12700,1,999,10308),(10419,0,'超时','2015-08-27 10:45:43','SessionID[10305]超时，被系统自动清除',-1,-1,-1,-1),(10420,0,'登录','2015-08-27 10:45:43','用户[郑鹏]以角色[系统管理员]在客户端[C6BD1ACC-A260-0001-2D45-11C76CF012C1(192.168.46.46)]登录',12700,1,999,10309),(10421,0,'登录','2015-08-27 10:47:49','用户[陈晟宁]以角色[系统管理员]在客户端[60524f6a-4574-4c08-bcbc-910dcbb77483(192.168.46.50)]登录',10202,1,999,10310),(10500,1,'用户已登录','2015-08-27 11:21:02','用户[商杰]尝试以角色[系统管理员]在客户端[31243818-82c3-42bb-97ea-a4d140ea133a(192.168.46.41)]登录',10200,-999,-999,-999),(10501,2,'密码错误','2015-08-27 11:22:20','用户[系统管理员]尝试在客户端[31243818-82c3-42bb-97ea-a4d140ea133a(192.168.46.41)]登录时密码错误',1,-999,-999,-999),(10502,0,'登录','2015-08-27 11:23:10','用户[商杰]登出',10200,1,999,10306),(10503,0,'登录','2015-08-27 11:23:18','用户[周娇]以角色[运营管理员]在客户端[75c22a62-929a-417c-9c57-54e16c8cd764(192.168.46.52)]登录',14000,13701,0,10400),(10504,0,'登录','2015-08-27 11:23:28','用户[周娇]登出',14000,13701,0,10400),(10505,0,'登录','2015-08-27 11:23:41','用户[周娇]以角色[运营管理员]在客户端[31243818-82c3-42bb-97ea-a4d140ea133a(192.168.46.41)]登录',14000,13701,-999,10401),(10506,0,'登录','2015-08-27 11:25:01','用户[陈晟宁]登出',10202,1,999,10310),(10507,0,'登录','2015-08-27 11:25:23','用户[周娇]登出',14000,13701,-999,10401),(10508,0,'登录','2015-08-27 11:25:31','用户[陈晟宁]以角色[系统管理员]在客户端[31243818-82c3-42bb-97ea-a4d140ea133a(192.168.46.41)]登录',10202,1,999,10402),(10509,1,'用户已登录','2015-08-27 11:32:35','用户[陈晟宁]尝试以角色[系统管理员]在客户端[60524f6a-4574-4c08-bcbc-910dcbb77483(192.168.46.50)]登录',10202,-999,-999,-999),(10510,0,'登录','2015-08-27 11:34:15','用户[张军]以角色[系统管理员]在客户端[C6BCB56F-BC00-0001-F497-BA168EA91AF0(192.168.46.63)]登录',10204,1,999,10403),(10511,1,'用户已登录','2015-08-27 11:40:42','用户[张军]尝试以角色[系统管理员]在客户端[4ca737ee-ed4f-4d9b-bcad-3b5fe6a6269d(192.168.46.63)]登录',10204,-999,-999,-999),(10600,0,'登录','2015-08-27 12:07:59','用户[周小伟]以角色[运营管理员]在客户端[95bb0c50-0cff-4833-a113-2627f7710f0f(192.168.46.94)]登录',10206,13701,0,10500),(10601,0,'登录','2015-08-27 12:08:15','用户[周小伟]登出',10206,13701,0,10500),(10602,2,'密码错误','2015-08-27 12:08:27','用户[系统管理员]尝试在客户端[95bb0c50-0cff-4833-a113-2627f7710f0f(192.168.46.94)]登录时密码错误',1,-999,-999,-999),(10603,0,'登录','2015-08-27 12:08:34','用户[系统管理员]以角色[系统管理员]在客户端[95bb0c50-0cff-4833-a113-2627f7710f0f(192.168.46.94)]登录',1,1,999,10501),(10700,0,'登录','2015-08-27 12:44:03','用户[系统管理员]登出',1,1,999,10501),(10701,2,'密码错误','2015-08-27 12:44:08','用户[系统管理员]尝试在客户端[95bb0c50-0cff-4833-a113-2627f7710f0f(192.168.46.94)]登录时密码错误',1,-999,-999,-999),(10702,0,'超时','2015-08-27 12:44:15','SessionID[10309]超时，被系统自动清除',-1,-1,-1,-1),(10703,0,'超时','2015-08-27 12:44:15','SessionID[10402]超时，被系统自动清除',-1,-1,-1,-1),(10704,0,'超时','2015-08-27 12:44:15','SessionID[10403]超时，被系统自动清除',-1,-1,-1,-1),(10705,0,'登录','2015-08-27 12:44:15','用户[周小伟]以角色[运营管理员]在客户端[95bb0c50-0cff-4833-a113-2627f7710f0f(192.168.46.94)]登录',10206,13701,0,10600),(10706,0,'登录','2015-08-27 12:44:22','用户[周小伟]登出',10206,13701,0,10600),(10707,0,'登录','2015-08-27 12:44:27','用户[周小伟]以角色[上海配送]在客户端[95bb0c50-0cff-4833-a113-2627f7710f0f(192.168.46.94)]登录',10206,14609,0,10601),(10708,0,'登录','2015-08-27 12:44:39','用户[周小伟]登出',10206,14609,0,10601),(10709,0,'登录','2015-08-27 12:44:45','用户[周小伟]以角色[系统管理员]在客户端[95bb0c50-0cff-4833-a113-2627f7710f0f(192.168.46.94)]登录',10206,1,999,10602),(10710,0,'登录','2015-08-27 12:45:05','用户[周小伟]登出',10206,1,999,10602),(10711,2,'密码错误','2015-08-27 12:45:11','用户[系统管理员]尝试在客户端[95bb0c50-0cff-4833-a113-2627f7710f0f(192.168.46.94)]登录时密码错误',1,-999,-999,-999),(10712,0,'登录','2015-08-27 12:45:16','用户[系统管理员]以角色[系统管理员]在客户端[95bb0c50-0cff-4833-a113-2627f7710f0f(192.168.46.94)]登录',1,1,999,10603),(10800,0,'登录','2015-08-27 12:49:12','用户[系统管理员]以角色[系统管理员]在客户端[mcake-PC:8089]登录',1,1,999,10700),(10713,0,'登录','2015-08-27 13:10:33','用户[郑鹏]以角色[系统管理员]在客户端[C6BD1ACC-A260-0001-2D45-11C76CF012C1(192.168.46.46)]登录',12700,1,999,10604),(10714,2,'密码错误','2015-08-27 13:23:34','用户[系统管理员]尝试在客户端[899c45fe-aa73-42a2-8c6d-003f873d91ff(192.168.46.46)]登录时密码错误',1,-999,-999,-999),(10715,1,'用户已登录','2015-08-27 13:23:42','用户[郑鹏]尝试以角色[系统管理员]在客户端[899c45fe-aa73-42a2-8c6d-003f873d91ff(192.168.46.46)]登录',12700,-999,-999,-999),(10716,0,'登录','2015-08-27 13:23:52','用户[郑鹏]登出',12700,1,999,10604),(10717,0,'登录','2015-08-27 13:23:55','用户[郑鹏]以角色[系统管理员]在客户端[899c45fe-aa73-42a2-8c6d-003f873d91ff(192.168.46.46)]登录',12700,1,999,10605),(10718,1,'用户已登录','2015-08-27 13:26:05','用户[郑鹏]尝试以角色[系统管理员]在客户端[C6BD1ACC-A260-0001-2D45-11C76CF012C1(192.168.46.46)]登录',12700,-999,-999,-999),(10719,0,'登录','2015-08-27 13:26:28','用户[郑鹏]登出',12700,1,999,10605),(10720,0,'登录','2015-08-27 13:26:32','用户[郑鹏]以角色[系统管理员]在客户端[C6BD1ACC-A260-0001-2D45-11C76CF012C1(192.168.46.46)]登录',12700,1,999,10606),(10801,0,'登录','2015-08-27 13:55:08','用户[系统管理员]登出',1,1,999,10700),(10802,0,'登录','2015-08-27 13:55:14','用户[]登出',0,0,0,0),(10803,0,'登录','2015-08-27 13:55:16','用户[系统管理员]以角色[系统管理员]在客户端[mcake-PC:8089]登录',1,1,999,10701),(10721,0,'登录','2015-08-27 13:53:29','用户[]登出',-999,-999,-999,0),(10722,2,'密码错误','2015-08-27 13:53:36','用户[系统管理员]尝试在客户端[95bb0c50-0cff-4833-a113-2627f7710f0f(192.168.46.94)]登录时密码错误',1,-999,-999,-999),(10723,1,'用户已登录','2015-08-27 13:53:40','用户[系统管理员]尝试以角色[上海生产/厨房]在客户端[95bb0c50-0cff-4833-a113-2627f7710f0f(192.168.46.94)]登录',1,-999,-999,-999),(10804,0,'登录','2015-08-27 13:56:50','用户[系统管理员]登出',1,1,999,10701),(10805,0,'登录','2015-08-27 13:56:57','用户[周小伟]以角色[系统管理员]在客户端[mcake-PC:8089]登录',10206,1,999,10702),(10724,0,'登录','2015-08-27 13:56:55','用户[系统管理员]以角色[上海生产/厨房]在客户端[95bb0c50-0cff-4833-a113-2627f7710f0f(192.168.46.94)]登录',1,14305,999,10607),(10806,0,'登录','2015-08-27 14:23:04','用户[周小伟]登出',10206,1,999,10702),(10900,0,'登录','2015-08-27 14:27:48','用户[系统管理员]以角色[超级系统管理员]在客户端[mcake-PC:8089]登录',1,1,999,10800),(10725,0,'超时','2015-08-27 14:29:10','SessionID[10606]超时，被系统自动清除',-1,-1,-1,-1),(10726,0,'登录','2015-08-27 14:29:10','用户[陈晟宁]以角色[超级系统管理员]在客户端[60524f6a-4574-4c08-bcbc-910dcbb77483(192.168.46.50)]登录',10202,1,999,10608),(10901,0,'登录','2015-08-27 14:31:10','用户[系统管理员]登出',1,1,999,10800),(11000,0,'登录','2015-08-27 14:32:36','用户[系统管理员]以角色[超级系统管理员]在客户端[mcake-PC:8089]登录',1,1,999,10900),(10727,0,'登录','2015-08-27 14:34:51','用户[郑鹏]以角色[超级系统管理员]在客户端[C6BD1ACC-A260-0001-2D45-11C76CF012C1(192.168.46.46)]登录',12700,1,999,10609),(10728,0,'登录','2015-08-27 15:08:54','用户[郑鹏]登出',12700,1,999,10609),(10729,0,'登录','2015-08-27 15:10:01','用户[郑鹏]以角色[超级系统管理员]在客户端[C6BD1ACC-A260-0001-2D45-11C76CF012C1(192.168.46.65)]登录',12700,1,999,10610),(11100,0,'登录','2015-08-27 15:20:41','用户[系统管理员]以角色[超级系统管理员]在客户端[hr-PC:8089]登录',1,1,999,11000),(11101,0,'登录','2015-08-27 15:21:11','用户[系统管理员]登出',1,1,999,11000),(11102,0,'登录','2015-08-27 15:21:19','用户[系统管理员]以角色[上海生产/厨房]在客户端[hr-PC:8089]登录',1,14305,999,11001),(11103,0,'登录','2015-08-27 15:21:33','用户[系统管理员]登出',1,14305,999,11001),(11104,0,'登录','2015-08-27 15:21:37','用户[系统管理员]以角色[超级系统管理员]在客户端[hr-PC:8089]登录',1,1,999,11002),(11105,0,'登录','2015-08-27 15:42:58','用户[系统管理员]登出',1,1,999,11002),(11200,0,'登录','2015-08-27 15:44:26','用户[系统管理员]以角色[超级系统管理员]在客户端[hr-PC:8089]登录',1,1,999,11100),(11201,0,'登录','2015-08-27 15:45:51','用户[系统管理员]登出',1,1,999,11100),(10730,1,'登录超时','2015-08-27 16:23:16','userCode:[ZHENGPENG]登录超时，上次活动时间为：2015-08-27 15:11:37,当前时间为：2015-08-27 16:23:16,相隔时间为71分钟',12700,1,999,10610),(10731,0,'超时','2015-08-27 16:23:18','SessionID[10608]超时，被系统自动清除',-1,-1,-1,-1),(10732,0,'超时','2015-08-27 16:23:18','SessionID[10610]超时，被系统自动清除',-1,-1,-1,-1),(10733,0,'登录','2015-08-27 16:23:18','用户[郑鹏]以角色[超级系统管理员]在客户端[C6BD1ACC-A260-0001-2D45-11C76CF012C1(192.168.46.65)]登录',12700,1,999,10611),(11300,1,'登录超时','2015-08-27 17:38:27','userCode:[ZHENGPENG]登录超时，上次活动时间为：2015-08-27 16:24:54,当前时间为：2015-08-27 17:38:27,相隔时间为73分钟',12700,1,999,10611),(11301,0,'超时','2015-08-27 17:38:29','SessionID[10611]超时，被系统自动清除',-1,-1,-1,-1),(11302,0,'登录','2015-08-27 17:38:29','用户[郑鹏]以角色[超级系统管理员]在客户端[C6BD1ACC-A260-0001-2D45-11C76CF012C1(192.168.46.65)]登录',12700,1,999,11200),(11400,0,'登录','2015-08-27 17:54:59','用户[]登出',0,0,0,0),(11500,0,'登录','2015-08-27 18:07:41','用户[商杰]以角色[超级系统管理员]在客户端[75c22a62-929a-417c-9c57-54e16c8cd764(192.168.46.52)]登录',10200,1,999,11300),(11501,1,'登录超时','2015-08-27 19:14:31','userCode:[SHANGJIE]登录超时，上次活动时间为：2015-08-27 18:09:16,当前时间为：2015-08-27 19:14:31,相隔时间为65分钟',10200,1,999,11300),(11502,1,'登录超时','2015-08-27 19:14:33','userCode:[ZHENGPENG]登录超时，上次活动时间为：2015-08-27 18:07:21,当前时间为：2015-08-27 19:14:33,相隔时间为67分钟',12700,1,999,11200),(11503,0,'超时','2015-08-27 19:14:35','SessionID[11200]超时，被系统自动清除',-1,-1,-1,-1),(11504,0,'超时','2015-08-27 19:14:35','SessionID[11300]超时，被系统自动清除',-1,-1,-1,-1),(11505,0,'登录','2015-08-27 19:14:35','用户[郑鹏]以角色[超级系统管理员]在客户端[C6BD1ACC-A260-0001-2D45-11C76CF012C1(192.168.46.65)]登录',12700,1,999,11301),(11506,0,'登录','2015-08-27 19:14:37','用户[商杰]以角色[超级系统管理员]在客户端[75c22a62-929a-417c-9c57-54e16c8cd764(192.168.46.52)]登录',10200,1,999,11302),(11507,1,'登录超时','2015-08-27 20:23:24','userCode:[ZHENGPENG]登录超时，上次活动时间为：2015-08-27 19:16:11,当前时间为：2015-08-27 20:23:24,相隔时间为67分钟',12700,1,999,11301),(11508,0,'超时','2015-08-27 20:23:25','SessionID[11301]超时，被系统自动清除',-1,-1,-1,-1),(11509,0,'超时','2015-08-27 20:23:25','SessionID[11302]超时，被系统自动清除',-1,-1,-1,-1),(11510,0,'登录','2015-08-27 20:23:25','用户[郑鹏]以角色[超级系统管理员]在客户端[C6BD1ACC-A260-0001-2D45-11C76CF012C1(192.168.46.65)]登录',12700,1,999,11303),(11600,2,'密码错误','2015-08-27 20:48:38','用户[系统管理员]尝试在客户端[ea9c61fb-ab8d-4573-ad02-7a75f558921d(192.168.46.65)]登录时密码错误',1,-999,-999,-999),(11601,1,'用户已登录','2015-08-27 20:48:46','用户[郑鹏]尝试以角色[超级系统管理员]在客户端[ea9c61fb-ab8d-4573-ad02-7a75f558921d(192.168.46.65)]登录',12700,-999,-999,-999),(11602,1,'用户已登录','2015-08-27 20:48:53','用户[郑鹏]尝试以角色[超级系统管理员]在客户端[ea9c61fb-ab8d-4573-ad02-7a75f558921d(192.168.46.65)]登录',12700,-999,-999,-999),(11603,1,'用户已登录','2015-08-27 20:49:07','用户[郑鹏]尝试以角色[超级系统管理员]在客户端[ea9c61fb-ab8d-4573-ad02-7a75f558921d(192.168.46.65)]登录',12700,-999,-999,-999),(11604,1,'用户已登录','2015-08-27 20:49:27','用户[郑鹏]尝试以角色[超级系统管理员]在客户端[ea9c61fb-ab8d-4573-ad02-7a75f558921d(192.168.46.65)]登录',12700,-999,-999,-999),(11605,1,'用户已登录','2015-08-27 20:50:45','用户[郑鹏]尝试以角色[超级系统管理员]在客户端[ea9c61fb-ab8d-4573-ad02-7a75f558921d(192.168.46.65)]登录',12700,-999,-999,-999),(11606,1,'用户已登录','2015-08-27 20:51:04','用户[郑鹏]尝试以角色[超级系统管理员]在客户端[ea9c61fb-ab8d-4573-ad02-7a75f558921d(192.168.46.65)]登录',12700,-999,-999,-999),(11607,1,'用户已登录','2015-08-27 20:51:44','用户[郑鹏]尝试以角色[超级系统管理员]在客户端[2f8c702b-3c69-4e39-8bf7-96f24b8403a9(192.168.46.65)]登录',12700,-999,-999,-999),(11608,1,'用户已登录','2015-08-27 20:51:54','用户[郑鹏]尝试以角色[超级系统管理员]在客户端[2f8c702b-3c69-4e39-8bf7-96f24b8403a9(192.168.46.65)]登录',12700,-999,-999,-999),(11609,0,'登录','2015-08-27 20:52:47','用户[周娇]以角色[运营总管]在客户端[2f8c702b-3c69-4e39-8bf7-96f24b8403a9(192.168.46.65)]登录',14000,13701,0,11400),(11610,0,'登录','2015-08-27 20:54:27','用户[]登出',-999,-999,-999,0),(11611,0,'登录','2015-08-27 20:54:38','用户[郑鹏]以角色[超级系统管理员]在客户端[31243818-82c3-42bb-97ea-a4d140ea133a(192.168.46.59)]登录',12700,1,999,11401),(11612,0,'登录','2015-08-27 20:54:52','用户[郑鹏]登出',12700,1,999,11401),(11613,0,'登录','2015-08-27 20:54:54','用户[周娇]登出',14000,13701,0,11400),(11614,0,'登录','2015-08-27 20:55:01','用户[郑鹏]以角色[超级系统管理员]在客户端[2f8c702b-3c69-4e39-8bf7-96f24b8403a9(192.168.46.65)]登录',12700,1,999,11402),(11700,2,'密码错误','0000-00-00 00:00:00','用户[系统管理员]尝试在客户端[eddbb2d5-eecb-42d2-b914-796d37497c11(10.10.251.41)]登录时密码错误',1,-999,-999,-999),(11701,0,'超时','0000-00-00 00:00:00','SessionID[11402]超时，被系统自动清除',-1,-1,-1,-1),(11702,0,'登录','0000-00-00 00:00:00','用户[系统管理员]以角色[超级系统管理员]在客户端[eddbb2d5-eecb-42d2-b914-796d37497c11(10.10.251.41)]登录',1,1,999,11500),(11703,0,'登录','0000-00-00 00:00:00','用户[商杰]以角色[超级系统管理员]在客户端[9bb1c11c-b738-4a38-87f0-75263908339f(10.10.251.41)]登录',10200,1,999,11501),(11800,1,'登录超时','0000-00-00 00:00:00','userCode:[SHANGJIE]登录超时，上次活动时间为：2015-08-27 23:22:06,当前时间为：2015-08-28 00:42:23,相隔时间为80分钟',10200,1,999,11501),(11801,0,'超时','0000-00-00 00:00:00','SessionID[11500]超时，被系统自动清除',-1,-1,-1,-1),(11802,0,'超时','0000-00-00 00:00:00','SessionID[11501]超时，被系统自动清除',-1,-1,-1,-1),(11803,0,'登录','0000-00-00 00:00:00','用户[商杰]以角色[超级系统管理员]在客户端[9bb1c11c-b738-4a38-87f0-75263908339f(10.10.251.41)]登录',10200,1,999,11600),(11804,2,'密码错误','0000-00-00 00:00:00','用户[系统管理员]尝试在客户端[eddbb2d5-eecb-42d2-b914-796d37497c11(10.10.251.41)]登录时密码错误',1,-999,-999,-999),(11805,0,'超时','0000-00-00 00:00:00','SessionID[11600]超时，被系统自动清除',-1,-1,-1,-1),(11806,0,'登录','0000-00-00 00:00:00','用户[陈晟宁]以角色[超级系统管理员]在客户端[C6BD1AC2-4920-0001-10AC-B83037DDAC00(10.10.251.41)]登录',10202,1,999,11601),(11807,0,'登录','0000-00-00 00:00:00','用户[系统管理员]以角色[超级系统管理员]在客户端[eddbb2d5-eecb-42d2-b914-796d37497c11(10.10.251.41)]登录',1,1,999,11602),(11808,0,'登录','0000-00-00 00:00:00','用户[系统管理员]登出',1,1,999,11602),(11809,0,'登录','0000-00-00 00:00:00','用户[周小伟]以角色[超级系统管理员]在客户端[eddbb2d5-eecb-42d2-b914-796d37497c11(10.10.251.41)]登录',10206,1,999,11603),(11810,0,'登录','0000-00-00 00:00:00','用户[陈晟宁]登出',10202,1,999,11601),(11811,0,'登录','0000-00-00 00:00:00','用户[韩宏志]以角色[北京配送]在客户端[C6BD1AC2-4920-0001-10AC-B83037DDAC00(10.10.251.41)]登录',16300,14606,999,11604),(11812,0,'登录','0000-00-00 00:00:00','用户[韩宏志]登出',16300,14606,999,11604),(11813,0,'登录','0000-00-00 00:00:00','用户[陈晟宁]以角色[超级系统管理员]在客户端[C6BD1AC2-4920-0001-10AC-B83037DDAC00(10.10.251.41)]登录',10202,1,999,11605),(11814,0,'登录','0000-00-00 00:00:00','用户[周小伟]登出',10206,1,999,11603),(11900,2,'密码错误','0000-00-00 00:00:00','用户[周小伟]尝试在客户端[eddbb2d5-eecb-42d2-b914-796d37497c11(10.10.251.41)]登录时密码错误',10206,-999,-999,-999),(11901,0,'登录','0000-00-00 00:00:00','用户[周小伟]以角色[超级系统管理员]在客户端[eddbb2d5-eecb-42d2-b914-796d37497c11(10.10.251.41)]登录',10206,1,999,11700),(11902,0,'登录','0000-00-00 00:00:00','用户[于静]以角色[运营总管]在客户端[bceb5123-80ed-4e0c-8ff7-1f288a0da6b0(10.10.251.41)]登录',16306,13701,0,11701),(11903,2,'密码错误','0000-00-00 00:00:00','用户[王滨]尝试在客户端[1d352e71-0b0d-482a-9046-2c5d9bf7308f(10.10.251.41)]登录时密码错误',16304,-999,-999,-999),(11904,0,'登录','0000-00-00 00:00:00','用户[王滨]以角色[运营总管]在客户端[1d352e71-0b0d-482a-9046-2c5d9bf7308f(10.10.251.41)]登录',16304,13701,0,11702),(11905,0,'登录','0000-00-00 00:00:00','用户[陈晟宁]登出',10202,1,999,11605),(11906,0,'登录','0000-00-00 00:00:00','用户[PAUL]以角色[北京生产/厨房]在客户端[C6BD1AC2-4920-0001-10AC-B83037DDAC00(10.10.251.41)]登录',16302,14306,999,11703),(11907,0,'登录','0000-00-00 00:00:00','用户[PAUL]登出',16302,14306,999,11703),(11908,0,'登录','0000-00-00 00:00:00','用户[陈晟宁]以角色[超级系统管理员]在客户端[C6BD1AC2-4920-0001-10AC-B83037DDAC00(10.10.251.41)]登录',10202,1,999,11704),(11909,0,'登录','0000-00-00 00:00:00','用户[陈晟宁]登出',10202,1,999,11704),(11910,0,'登录','0000-00-00 00:00:00','用户[韩宏志]以角色[北京配送]在客户端[C6BD1AC2-4920-0001-10AC-B83037DDAC00(10.10.251.41)]登录',16300,14606,999,11705),(11911,0,'登录','0000-00-00 00:00:00','用户[韩宏志]登出',16300,14606,999,11705),(11912,0,'登录','0000-00-00 00:00:00','用户[陈晟宁]以角色[超级系统管理员]在客户端[C6BD1AC2-4920-0001-10AC-B83037DDAC00(10.10.251.41)]登录',10202,1,999,11706),(11913,0,'登录','0000-00-00 00:00:00','用户[周小伟]登出',10206,1,999,11700),(11914,0,'登录','0000-00-00 00:00:00','用户[周小伟]以角色[生产/厨房总管]在客户端[eddbb2d5-eecb-42d2-b914-796d37497c11(10.10.251.41)]登录',10206,13700,999,11707),(11915,0,'登录','0000-00-00 00:00:00','用户[周小伟]登出',10206,13700,999,11707),(11916,0,'登录','0000-00-00 00:00:00','用户[周小伟]以角色[超级系统管理员]在客户端[eddbb2d5-eecb-42d2-b914-796d37497c11(10.10.251.41)]登录',10206,1,999,11708),(11917,0,'登录','0000-00-00 00:00:00','用户[周小伟]登出',10206,1,999,11708),(11918,0,'登录','0000-00-00 00:00:00','用户[周小伟]以角色[生产/厨房总管]在客户端[eddbb2d5-eecb-42d2-b914-796d37497c11(10.10.251.41)]登录',10206,13700,999,11709),(11919,0,'登录','0000-00-00 00:00:00','用户[周小伟]登出',10206,13700,999,11709),(11920,0,'登录','0000-00-00 00:00:00','用户[周小伟]以角色[超级系统管理员]在客户端[eddbb2d5-eecb-42d2-b914-796d37497c11(10.10.251.41)]登录',10206,1,999,11710),(11921,0,'登录','0000-00-00 00:00:00','用户[董泽]以角色[运营总管]在客户端[997d44b0-08bd-4d3f-9df0-ddae5bc05c02(10.10.251.41)]登录',10208,13701,999,11711),(11922,0,'登录','0000-00-00 00:00:00','用户[周小伟]登出',10206,1,999,11710),(11923,0,'登录','0000-00-00 00:00:00','用户[周小伟]以角色[运营总管]在客户端[eddbb2d5-eecb-42d2-b914-796d37497c11(10.10.251.41)]登录',10206,13701,999,11712),(11924,0,'登录','0000-00-00 00:00:00','用户[周小伟]登出',10206,13701,999,11712),(11925,0,'登录','0000-00-00 00:00:00','用户[周小伟]以角色[客服总管]在客户端[eddbb2d5-eecb-42d2-b914-796d37497c11(10.10.251.41)]登录',10206,13702,999,11713),(11926,0,'登录','0000-00-00 00:00:00','用户[周小伟]登出',10206,13702,999,11713),(11927,0,'登录','0000-00-00 00:00:00','用户[周小伟]以角色[超级系统管理员]在客户端[eddbb2d5-eecb-42d2-b914-796d37497c11(10.10.251.41)]登录',10206,1,999,11714),(11928,0,'登录','0000-00-00 00:00:00','用户[周小伟]登出',10206,1,999,11714),(11929,0,'登录','0000-00-00 00:00:00','用户[周小伟]以角色[客服总管]在客户端[eddbb2d5-eecb-42d2-b914-796d37497c11(10.10.251.41)]登录',10206,13702,999,11715),(11930,0,'登录','0000-00-00 00:00:00','用户[周小伟]登出',10206,13702,999,11715),(11931,0,'登录','0000-00-00 00:00:00','用户[周小伟]以角色[配送总管]在客户端[eddbb2d5-eecb-42d2-b914-796d37497c11(10.10.251.41)]登录',10206,13703,999,11716),(11932,0,'登录','0000-00-00 00:00:00','用户[周小伟]登出',10206,13703,999,11716),(11933,0,'登录','0000-00-00 00:00:00','用户[周小伟]以角色[超级系统管理员]在客户端[eddbb2d5-eecb-42d2-b914-796d37497c11(10.10.251.41)]登录',10206,1,999,11717),(11934,0,'超时','0000-00-00 00:00:00','SessionID[11701]超时，被系统自动清除',-1,-1,-1,-1),(11935,0,'超时','0000-00-00 00:00:00','SessionID[11702]超时，被系统自动清除',-1,-1,-1,-1),(11936,0,'超时','0000-00-00 00:00:00','SessionID[11706]超时，被系统自动清除',-1,-1,-1,-1),(11937,0,'超时','0000-00-00 00:00:00','SessionID[11711]超时，被系统自动清除',-1,-1,-1,-1),(11938,0,'超时','0000-00-00 00:00:00','SessionID[11717]超时，被系统自动清除',-1,-1,-1,-1),(11939,0,'登录','0000-00-00 00:00:00','用户[韩宏志]以角色[北京配送]在客户端[c73dfd98-6118-4165-ba76-b4ea2de244a8(10.10.251.41)]登录',16300,14606,999,11718),(11940,1,'用户已登录','0000-00-00 00:00:00','用户[韩宏志]尝试以角色[北京配送]在客户端[cfd4f9f7-eb93-4d3e-ae04-976c09247203(10.10.251.41)]登录',16300,-999,-999,-999),(11941,1,'用户已登录','0000-00-00 00:00:00','用户[韩宏志]尝试以角色[北京配送]在客户端[cfd4f9f7-eb93-4d3e-ae04-976c09247203(10.10.251.41)]登录',16300,-999,-999,-999),(11942,1,'用户已登录','0000-00-00 00:00:00','用户[韩宏志]尝试以角色[北京配送]在客户端[cfd4f9f7-eb93-4d3e-ae04-976c09247203(10.10.251.41)]登录',16300,-999,-999,-999),(11943,1,'用户已登录','0000-00-00 00:00:00','用户[韩宏志]尝试以角色[北京配送]在客户端[C6BD1AC2-4920-0001-10AC-B83037DDAC00(10.10.251.41)]登录',16300,-999,-999,-999),(11944,1,'用户已登录','0000-00-00 00:00:00','用户[韩宏志]尝试以角色[北京配送]在客户端[C6BD1AC2-4920-0001-10AC-B83037DDAC00(10.10.251.41)]登录',16300,-999,-999,-999),(11945,1,'用户已登录','0000-00-00 00:00:00','用户[韩宏志]尝试以角色[北京配送]在客户端[C6BD1AC2-4920-0001-10AC-B83037DDAC00(10.10.251.41)]登录',16300,-999,-999,-999),(11946,0,'登录','0000-00-00 00:00:00','用户[周小伟]以角色[超级系统管理员]在客户端[eddbb2d5-eecb-42d2-b914-796d37497c11(10.10.251.41)]登录',10206,1,999,11719),(11947,0,'登录','0000-00-00 00:00:00','用户[韩宏志]以角色[北京配送]在客户端[cfd4f9f7-eb93-4d3e-ae04-976c09247203(10.10.251.41)]登录',16300,14606,999,11720),(11948,0,'登录','0000-00-00 00:00:00','用户[陈晟宁]以角色[超级系统管理员]在客户端[C6BD1AC2-4920-0001-10AC-B83037DDAC00(10.10.251.41)]登录',10202,1,999,11721),(11949,2,'密码错误','0000-00-00 00:00:00','用户[韩宏志]尝试在客户端[aebafeea-4d04-4481-a43b-746495bb816c(10.10.251.41)]登录时密码错误',16300,-999,-999,-999),(11950,2,'密码错误','0000-00-00 00:00:00','用户[韩宏志]尝试在客户端[aebafeea-4d04-4481-a43b-746495bb816c(10.10.251.41)]登录时密码错误',16300,-999,-999,-999),(11951,1,'用户已登录','0000-00-00 00:00:00','用户[韩宏志]尝试以角色[北京配送]在客户端[aebafeea-4d04-4481-a43b-746495bb816c(10.10.251.41)]登录',16300,-999,-999,-999),(11952,1,'用户已登录','0000-00-00 00:00:00','用户[韩宏志]尝试以角色[北京配送]在客户端[aebafeea-4d04-4481-a43b-746495bb816c(10.10.251.41)]登录',16300,-999,-999,-999),(11953,2,'密码错误','0000-00-00 00:00:00','用户[韩宏志]尝试在客户端[aebafeea-4d04-4481-a43b-746495bb816c(10.10.251.41)]登录时密码错误',16300,-999,-999,-999),(11954,2,'密码错误','0000-00-00 00:00:00','用户[韩宏志]尝试在客户端[aebafeea-4d04-4481-a43b-746495bb816c(10.10.251.41)]登录时密码错误',16300,-999,-999,-999),(11955,1,'用户已登录','0000-00-00 00:00:00','用户[韩宏志]尝试以角色[北京配送]在客户端[f533c68a-9411-4cd6-ab37-3dcb4c38ceb7(10.10.251.41)]登录',16300,-999,-999,-999),(11956,2,'密码错误','0000-00-00 00:00:00','用户[韩宏志]尝试在客户端[f533c68a-9411-4cd6-ab37-3dcb4c38ceb7(10.10.251.41)]登录时密码错误',16300,-999,-999,-999),(11957,2,'密码错误','0000-00-00 00:00:00','用户[韩宏志]尝试在客户端[f533c68a-9411-4cd6-ab37-3dcb4c38ceb7(10.10.251.41)]登录时密码错误',16300,-999,-999,-999),(11958,2,'密码错误','0000-00-00 00:00:00','用户[韩宏志]尝试在客户端[f533c68a-9411-4cd6-ab37-3dcb4c38ceb7(10.10.251.41)]登录时密码错误',16300,-999,-999,-999),(11959,2,'密码错误','0000-00-00 00:00:00','用户[韩宏志]尝试在客户端[f533c68a-9411-4cd6-ab37-3dcb4c38ceb7(10.10.251.41)]登录时密码错误',16300,-999,-999,-999),(11960,2,'密码错误','0000-00-00 00:00:00','用户[韩宏志]尝试在客户端[f533c68a-9411-4cd6-ab37-3dcb4c38ceb7(10.10.251.41)]登录时密码错误',16300,-999,-999,-999),(11961,1,'用户已登录','0000-00-00 00:00:00','用户[韩宏志]尝试以角色[北京配送]在客户端[f533c68a-9411-4cd6-ab37-3dcb4c38ceb7(10.10.251.41)]登录',16300,-999,-999,-999),(11962,0,'登录','0000-00-00 00:00:00','用户[韩宏志]以角色[北京配送]在客户端[b062a50c-535a-4182-927e-afed18473637(10.10.251.41)]登录',16300,14606,999,11722),(11963,0,'登录','0000-00-00 00:00:00','用户[韩宏志]登出',16300,14606,999,11722),(11964,2,'密码错误','0000-00-00 00:00:00','用户[韩宏志]尝试在客户端[b062a50c-535a-4182-927e-afed18473637(10.10.251.41)]登录时密码错误',16300,-999,-999,-999),(11965,2,'密码错误','0000-00-00 00:00:00','用户[韩宏志]尝试在客户端[b062a50c-535a-4182-927e-afed18473637(10.10.251.41)]登录时密码错误',16300,-999,-999,-999),(11966,2,'密码错误','0000-00-00 00:00:00','用户[韩宏志]尝试在客户端[b062a50c-535a-4182-927e-afed18473637(10.10.251.41)]登录时密码错误',16300,-999,-999,-999),(11967,2,'密码错误','0000-00-00 00:00:00','用户[韩宏志]尝试在客户端[c5a66ae7-fda1-4986-bab8-33c42883b095(10.10.251.41)]登录时密码错误',16300,-999,-999,-999),(11968,0,'登录','0000-00-00 00:00:00','用户[韩宏志]以角色[北京配送]在客户端[c5a66ae7-fda1-4986-bab8-33c42883b095(10.10.251.41)]登录',16300,14606,999,11723),(12000,0,'登录','0000-00-00 00:00:00','用户[韩宏志]登出',16300,14606,999,11800),(12001,0,'登录','0000-00-00 00:00:00','用户[韩宏志]登出',16300,14606,999,11801),(12002,0,'登录','0000-00-00 00:00:00','用户[周小伟]登出',10206,1,999,11804),(12100,0,'登录','0000-00-00 00:00:00','用户[周小伟]登出',10206,1,999,11900),(12200,0,'登录','0000-00-00 00:00:00','用户[周小伟]登出',10206,1,999,12000),(12201,0,'登录','0000-00-00 00:00:00','用户[周小伟]登出',10206,1,999,12002),(12202,0,'登录','0000-00-00 00:00:00','用户[周小伟]登出',10206,1,999,12003),(12203,0,'登录','0000-00-00 00:00:00','用户[周小伟]登出',10206,1,999,12004),(12204,0,'登录','0000-00-00 00:00:00','用户[于静]登出',16306,13701,999,12007),(12300,0,'登录','0000-00-00 00:00:00','用户[]登出',-999,-999,-999,0),(12301,0,'登录','0000-00-00 00:00:00','用户[商杰]登出',10200,17400,0,12306),(12302,0,'登录','0000-00-00 00:00:00','用户[陈晟宁]登出',10202,1,999,12304),(12303,0,'登录','0000-00-00 00:00:00','用户[于静]登出',16306,13701,999,12305),(12400,0,'登录','0000-00-00 00:00:00','用户[韩宏志]登出',16300,14606,999,12607),(12401,0,'登录','0000-00-00 00:00:00','用户[韩宏志]登出',16300,14606,999,12609),(12402,0,'登录','0000-00-00 00:00:00','用户[商杰]登出',10200,1,999,12608),(12403,0,'登录','0000-00-00 00:00:00','用户[周小伟]登出',10206,1,999,12603),(12404,0,'登录','0000-00-00 00:00:00','用户[商杰]登出',10200,1,999,12611),(12405,0,'登录','0000-00-00 00:00:00','用户[商杰]登出',10200,14606,999,12612),(12406,0,'登录','0000-00-00 00:00:00','用户[商杰]登出',10200,1,999,12613),(12407,0,'登录','0000-00-00 00:00:00','用户[商杰]登出',10200,1,999,12614),(12408,0,'登录','0000-00-00 00:00:00','用户[商杰]登出',10200,19003,999,12615),(12409,0,'登录','0000-00-00 00:00:00','用户[商杰]登出',10200,1,999,12617),(12410,0,'登录','0000-00-00 00:00:00','用户[商杰]登出',10200,19003,999,12618),(12411,0,'登录','0000-00-00 00:00:00','用户[admin]登出',19200,1,999,12620),(12412,0,'登录','0000-00-00 00:00:00','用户[商杰]登出',10200,14606,999,12619),(12413,0,'登录','0000-00-00 00:00:00','用户[周小伟]登出',10206,1,999,12616),(12500,0,'登录','0000-00-00 00:00:00','用户[韩宏志]登出',16300,14606,999,12701),(12501,0,'登录','0000-00-00 00:00:00','用户[周小伟]登出',10206,14606,999,12700),(12502,0,'登录','0000-00-00 00:00:00','用户[周小伟]登出',10206,1,999,12703),(12503,0,'登录','0000-00-00 00:00:00','用户[周小伟]登出',10206,14306,999,12705),(12600,0,'登录','0000-00-00 00:00:00','用户[周小伟]登出',10206,14305,999,12903),(12601,0,'登录','0000-00-00 00:00:00','用户[周小伟]登出',10206,14609,999,12904),(12602,0,'登录','0000-00-00 00:00:00','用户[]登出',-999,-999,-999,0),(12603,0,'登录','0000-00-00 00:00:00','用户[]登出',-999,-999,-999,0),(12604,0,'登录','0000-00-00 00:00:00','用户[董泽]登出',10208,17400,0,12910),(12605,0,'登录','0000-00-00 00:00:00','用户[韩宏志]登出',16300,14606,999,12912),(12700,0,'登录','0000-00-00 00:00:00','用户[韩宏志]登出',16300,14606,999,13001),(12800,0,'登录','0000-00-00 00:00:00','用户[陈晟宁]登出',10202,1,999,13101),(12801,0,'登录','0000-00-00 00:00:00','用户[商杰]登出',10200,1,999,13100),(12900,0,'登录','0000-00-00 00:00:00','用户[熊晓思]登出',20802,14305,999,13201),(12901,0,'登录','0000-00-00 00:00:00','用户[陈晟宁]登出',10202,1,999,13212),(12902,0,'登录','0000-00-00 00:00:00','用户[]登出',-999,-999,-999,0),(12903,0,'登录','0000-00-00 00:00:00','用户[]登出',-999,-999,-999,0),(12904,0,'登录','0000-00-00 00:00:00','用户[]登出',-999,-999,-999,0),(12905,0,'登录','0000-00-00 00:00:00','用户[]登出',-999,-999,-999,0),(12906,0,'登录','0000-00-00 00:00:00','用户[]登出',-999,-999,-999,0),(12907,0,'登录','0000-00-00 00:00:00','用户[陈晟宁]登出',10202,1,999,13224),(12908,0,'登录','0000-00-00 00:00:00','用户[王滨]登出',16304,13703,999,13230),(13000,0,'登录','0000-00-00 00:00:00','用户[]登出',-999,-999,-999,0),(13001,0,'登录','0000-00-00 00:00:00','用户[陈晟宁]登出',10202,1,999,13307),(13002,0,'登录','0000-00-00 00:00:00','用户[陈晟宁]登出',10202,1,999,13308),(13100,0,'登录','2015-09-06 17:25:07','用户[]登出',-999,-999,-999,0),(13101,0,'登录','2015-09-06 17:25:08','用户[]登出',-999,-999,-999,0),(13102,0,'登录','2015-09-06 18:58:13','用户[韩宏志]登出',16300,14606,999,13404),(13103,0,'登录','2015-09-07 07:26:30','用户[王滨]登出',16304,13703,999,13414),(13200,0,'登录','2015-09-07 12:34:31','用户[韩宏志]登出',16300,14606,999,13504),(13201,0,'登录','2015-09-07 17:56:31','用户[王滨]登出',16304,13703,999,13508),(13202,0,'登录','2015-09-07 18:17:04','用户[商杰]登出',10200,1,999,13506),(13300,0,'登录','2015-09-08 09:55:07','用户[王滨]登出',16304,13703,999,13607),(13400,0,'登录','2015-09-08 11:37:31','用户[PAUL]登出',16302,14306,999,13706),(13401,0,'登录','2015-09-08 11:37:32','用户[]登出',-999,-999,-999,0),(13500,0,'登录','2015-09-08 14:04:16','用户[陈晟宁]登出',10202,1,999,13801),(13501,0,'登录','2015-09-08 14:49:51','用户[周小伟]登出',10206,1,999,13802),(13502,0,'登录','2015-09-08 14:50:34','用户[周小伟]登出',10206,14301,999,13806),(13503,0,'登录','2015-09-08 15:42:33','用户[王滨]登出',16304,13703,999,13808),(13504,0,'登录','2015-09-08 15:48:56','用户[韩宏志]登出',16300,14606,999,13804),(13505,0,'登录','2015-09-08 18:06:53','用户[韩宏志]登出',16300,14606,999,13811),(13506,0,'登录','2015-09-08 19:44:11','用户[]登出',0,0,0,0),(13507,0,'登录','2015-09-08 20:02:05','用户[韩宏志]登出',16300,14606,999,13809),(13508,0,'登录','2015-09-08 22:46:11','用户[陈晟宁]登出',10202,1,999,13810),(13510,0,'登录','2015-09-09 07:15:13','用户[王滨]登出',16304,13703,999,13823),(13511,0,'登录','2015-09-09 07:15:19','用户[]登出',-999,-999,-999,0),(13512,0,'登录','2015-09-09 07:15:19','用户[]登出',-999,-999,-999,0),(13513,0,'登录','2015-09-09 07:15:19','用户[]登出',-999,-999,-999,0),(13514,0,'登录','2015-09-09 07:15:19','用户[]登出',-999,-999,-999,0),(13515,0,'登录','2015-09-09 09:00:05','用户[王滨]登出',16304,13703,999,13824),(13600,0,'登录','2015-09-09 12:28:42','用户[]登出',-999,-999,-999,0),(13601,0,'登录','2015-09-09 17:02:31','用户[韩宏志]登出',16300,14606,999,13915),(13700,0,'登录','2015-09-09 19:49:43','用户[韩宏志]登出',16300,14606,999,14001),(13701,0,'登录','2015-09-09 22:34:35','用户[商杰]登出',10200,1,999,14005),(13703,0,'登录','2015-09-10 08:41:50','用户[韩宏志]登出',16300,14606,999,14006),(13800,0,'登录','2015-09-10 09:49:00','用户[]登出',-999,-999,-999,0),(13900,0,'登录','2015-09-10 11:42:58','用户[周小伟]登出',10206,1,999,14300),(13901,0,'登录','2015-09-10 12:10:37','用户[]登出',-999,-999,-999,0),(14000,0,'登录','2015-09-10 13:47:21','用户[]登出',0,0,0,0),(14001,0,'登录','2015-09-10 13:48:10','用户[]登出',0,0,0,0),(14002,0,'登录','2015-09-10 13:51:38','用户[]登出',0,0,0,0),(14003,0,'登录','2015-09-10 14:02:49','用户[]登出',0,0,0,0),(14100,0,'登录','2015-09-10 15:35:41','用户[]登出',0,0,0,0),(14101,0,'登录','2015-09-10 17:53:33','用户[王滨]登出',16304,13703,999,14606),(14102,0,'登录','2015-09-10 18:04:37','用户[陈晟宁]登出',10202,1,999,14608),(14103,0,'登录','2015-09-11 07:55:55','用户[王滨]登出',16304,13703,999,14613),(14104,0,'登录','2015-09-11 07:55:55','用户[]登出',-999,-999,-999,0),(14105,0,'登录','2015-09-11 07:55:55','用户[]登出',-999,-999,-999,0),(14200,0,'登录','2015-09-11 08:57:18','用户[]登出',0,0,0,0),(14201,0,'登录','2015-09-11 13:05:33','用户[周小伟]登出',10206,1,999,14700),(14202,0,'登录','2015-09-11 13:06:29','用户[周小伟]登出',10206,1,999,14709),(14203,0,'登录','2015-09-11 17:19:03','用户[韩宏志]登出',16300,14606,999,14702),(14204,0,'登录','2015-09-14 08:41:48','用户[商杰]登出',10200,1,999,14725),(14205,0,'登录','2015-09-14 11:14:58','用户[王滨]登出',16304,13703,999,14724),(14206,0,'登录','2015-09-14 11:15:01','用户[]登出',-999,-999,-999,0),(14207,0,'登录','2015-09-14 11:15:01','用户[]登出',-999,-999,-999,0),(14208,0,'登录','2015-09-14 11:15:02','用户[]登出',-999,-999,-999,0),(14209,0,'登录','2015-09-14 11:15:04','用户[]登出',-999,-999,-999,0),(14210,0,'登录','2015-09-14 11:15:06','用户[]登出',-999,-999,-999,0),(14211,0,'登录','2015-09-14 11:15:07','用户[]登出',-999,-999,-999,0),(14212,0,'登录','2015-09-14 11:15:07','用户[]登出',-999,-999,-999,0),(14213,0,'登录','2015-09-14 11:15:07','用户[]登出',-999,-999,-999,0),(14214,0,'登录','2015-09-14 11:15:07','用户[]登出',-999,-999,-999,0),(14215,0,'登录','2015-09-14 11:15:07','用户[]登出',-999,-999,-999,0),(14216,0,'登录','2015-09-14 11:15:07','用户[]登出',-999,-999,-999,0),(14217,0,'登录','2015-09-14 11:15:08','用户[]登出',-999,-999,-999,0),(14218,0,'登录','2015-09-14 11:15:08','用户[]登出',-999,-999,-999,0),(14219,0,'登录','2015-09-14 11:15:08','用户[]登出',-999,-999,-999,0),(14220,0,'登录','2015-09-14 11:15:08','用户[]登出',-999,-999,-999,0),(14221,0,'登录','2015-09-14 11:15:08','用户[]登出',-999,-999,-999,0),(14222,0,'登录','2015-09-14 13:32:22','用户[王滨]登出',16304,13703,999,14733),(14223,0,'登录','2015-09-14 13:33:04','用户[]登出',-999,-999,-999,-999),(14224,0,'登录','2015-09-14 15:12:27','用户[王滨]登出',16304,13703,999,14735),(14225,0,'登录','2015-09-14 17:34:52','用户[王滨]登出',16304,13703,999,14736),(14300,0,'登录','2015-09-16 15:25:29','用户[陈晟宁]登出',10202,1,999,14907),(14301,0,'登录','2015-09-17 09:40:57','用户[王滨]登出',16304,13703,999,14912),(14302,0,'登录','2015-09-17 14:56:46','用户[王滨]登出',16304,13703,999,14915),(14303,0,'登录','2015-09-17 15:40:17','用户[商杰]登出',10200,1,999,14909),(14400,0,'登录','2015-09-17 15:41:16','用户[]登出',-999,-999,-999,0),(14401,0,'登录','2015-09-17 15:42:23','用户[商杰]登出',10200,1,999,15000),(14304,0,'登录','2015-09-17 15:57:52','用户[商杰]登出',10200,1,999,14918),(14305,0,'登录','2015-09-17 16:03:15','用户[商杰]登出',10200,1,999,14919),(14306,0,'登录','2015-09-17 16:49:27','用户[王滨]登出',16304,13703,999,14921),(14500,0,'登录','2015-09-17 17:46:06','用户[王滨]登出',16304,13703,999,15106),(14501,0,'登录','2015-09-17 17:46:24','用户[陈晟宁]登出',10202,1,999,15102),(14502,0,'登录','2015-09-18 09:03:50','用户[王滨]登出',16304,13703,999,15113),(14503,0,'登录','2015-09-18 10:52:59','用户[陈晟宁]登出',10202,1,999,15115),(14504,0,'登录','2015-09-18 13:33:50','用户[韩宏志]登出',16300,14606,999,15108),(14505,0,'登录','2015-09-18 13:42:33','用户[韩宏志]登出',16300,14606,999,15121),(14506,0,'登录','2015-09-18 14:19:51','用户[王滨]登出',16304,13703,999,15127),(14507,0,'登录','2015-09-18 14:21:28','用户[王滨]登出',16304,13703,999,15128),(14508,0,'登录','2015-09-18 14:23:28','用户[韩宏志]登出',16300,14606,999,15123),(14509,0,'登录','2015-09-18 14:29:02','用户[]登出',0,0,0,0),(14510,0,'登录','2015-09-18 14:29:25','用户[]登出',0,0,0,0),(14511,0,'登录','2015-09-18 17:42:54','用户[陈晟宁]登出',10202,1,999,15125),(14600,0,'登录','2015-09-19 12:36:47','用户[]登出',0,0,0,0),(14700,0,'登录','2015-09-19 14:40:55','用户[]登出',0,0,0,0),(14800,0,'登录','2015-09-19 14:46:36','用户[]登出',0,0,0,0),(14900,0,'登录','2015-09-19 14:47:12','用户[]登出',0,0,0,0),(14901,0,'登录','2015-09-19 15:45:11','用户[]登出',0,0,0,0),(14902,0,'登录','2015-09-19 15:46:19','用户[]登出',0,0,0,0),(15000,0,'登录','2015-09-19 15:51:32','用户[系统管理员]登出',1,1,999,15300),(15100,0,'登录','2015-09-19 16:10:42','用户[周小伟]登出',10206,1,999,15401),(15200,0,'登录','2015-09-19 16:28:32','用户[]登出',0,0,0,0),(19403,0,'登录','2015-09-25 10:44:15','用户[陈晟宁]登出',10202,1,999,27708),(15300,0,'登录','2015-09-25 11:49:02','用户[]登出',0,0,0,0),(15400,0,'登录','2015-09-25 12:09:10','用户[周小伟]登出',10206,1,999,15900),(15500,0,'登录','2015-09-25 18:30:46','用户[]登出',0,0,0,0),(15501,0,'登录','2015-09-25 18:31:56','用户[]登出',-999,-999,-999,0),(15502,0,'登录','2015-09-25 18:32:03','用户[]登出',-999,-999,-999,-999),(15600,0,'登录','2015-09-28 14:01:19','用户[系统管理员]登出',1,1,999,16300),(15503,0,'登录','2015-09-28 14:03:37','用户[周小伟]登出',10206,1,999,16103),(15700,0,'登录','2015-09-29 17:57:14','用户[周小伟]登出',10206,0,0,16800),(15701,0,'登录','2015-09-30 08:54:54','用户[周小伟]登出',10206,1,999,16801),(15702,0,'登录','2015-09-30 09:27:09','用户[周小伟]登出',10206,1,999,16802),(15800,0,'登录','2015-09-30 12:17:32','用户[系统管理员]登出',1,1,999,17200),(15900,0,'登录','2015-09-30 14:20:40','用户[系统管理员]登出',1,1,999,17400),(16000,0,'登录','2015-09-30 14:48:25','用户[周小伟]登出',10206,1,999,17501),(16100,0,'登录','2015-10-10 08:49:57','用户[系统管理员]登出',1,1,999,18200),(16200,0,'登录','2015-10-10 11:09:53','用户[韩宏志]登出',16300,14306,999,19003),(16201,0,'登录','2015-10-12 12:34:13','用户[周娇]登出',14000,17400,-999,19006),(16202,0,'登录','2015-10-12 12:36:42','用户[陆璐]登出',37406,1,999,19008),(16300,0,'登录','2015-10-12 15:03:48','用户[陈晟宁]登出',10202,1,999,19501),(16301,0,'登录','2015-10-12 15:04:45','用户[陈晟宁]登出',10202,1,999,19502),(16302,0,'登录','2015-10-12 15:05:55','用户[陈晟宁]登出',10202,1,999,19503),(16400,0,'登录','2015-10-12 15:13:59','用户[陈晟宁]登出',10202,1,999,19602),(16401,0,'登录','2015-10-12 15:14:23','用户[helen.huang]登出',37702,13701,999,19603),(16402,0,'登录','2015-10-12 15:14:45','用户[]登出',-999,-999,-999,0),(16403,0,'登录','2015-10-12 15:15:35','用户[helen.huang]登出',37702,13701,999,19604),(16500,0,'登录','2015-10-12 15:53:18','用户[系统管理员]登出',1,1,999,19200),(16600,0,'登录','2015-10-13 09:07:24','用户[系统管理员]登出',1,1,999,20100),(16700,0,'登录','2015-10-13 17:06:39','用户[]登出',-999,-999,-999,0),(16701,0,'登录','2015-10-14 09:33:27','用户[董泽]登出',10208,1,999,19816),(16800,0,'登录','2015-10-14 12:41:08','用户[陆璐]登出',37406,1,999,20501),(16900,0,'登录','2015-10-14 18:06:07','用户[系统管理员]登出',1,1,999,20600),(16801,0,'登录','2015-10-15 13:26:35','用户[董泽]登出',10208,1,999,20509),(17000,0,'登录','2015-10-19 08:48:59','用户[系统管理员]登出',1,1,999,20900),(17100,0,'登录','2015-10-19 08:49:53','用户[]登出',0,0,0,0),(17101,0,'登录','2015-10-19 08:50:05','用户[]登出',0,0,0,0),(17102,0,'登录','2015-10-19 08:50:08','用户[]登出',0,0,0,0),(17200,0,'登录','2015-10-19 08:51:17','用户[系统管理员]登出',1,1,999,21100),(17300,0,'登录','2015-10-19 10:46:05','用户[周小伟]登出',10206,1,999,20808),(17301,0,'登录','2015-10-19 11:23:33','用户[周小伟]登出',10206,1,999,20811),(17400,0,'登录','2015-10-19 18:59:12','用户[周小伟]登出',10206,1,999,21703),(17500,0,'登录','2015-10-20 11:14:25','用户[系统管理员]登出',1,1,999,22000),(17600,0,'登录','2015-10-21 11:54:49','用户[系统管理员]登出',1,1,999,22200),(17700,0,'登录','2015-10-21 15:38:12','用户[商杰]登出',10200,1,999,22403),(17800,0,'登录','2015-10-21 17:58:21','用户[系统管理员]登出',1,1,999,22300),(17900,0,'登录','2015-10-22 17:36:47','用户[商杰]登出',10200,1,999,22701),(17901,0,'登录','2015-10-22 17:41:06','用户[商杰]登出',10200,1,999,22702),(18000,0,'登录','2015-10-22 18:20:25','用户[]登出',-999,-999,-999,0),(18100,0,'登录','2015-10-22 18:35:59','用户[]登出',-999,-999,-999,0),(18200,0,'登录','2015-10-24 09:26:09','用户[商杰]登出',10200,1,999,23100),(18300,0,'登录','2015-10-24 13:45:54','用户[]登出',-999,-999,-999,0),(18400,0,'登录','2015-10-26 10:45:57','用户[系统管理员]登出',1,1,999,24600),(18500,0,'登录','2015-10-26 12:11:06','用户[系统管理员]登出',1,1,999,25000),(18600,0,'登录','2015-10-26 16:55:48','用户[系统管理员]登出',1,1,999,25400),(18700,0,'登录','2015-10-26 20:46:20','用户[系统管理员]登出',1,1,999,25600),(18701,0,'登录','2015-10-26 20:50:36','用户[系统管理员]登出',1,1,999,25601),(18702,0,'登录','2015-10-26 20:56:44','用户[系统管理员]登出',1,1,999,25602),(18800,0,'登录','2015-10-26 21:13:05','用户[系统管理员]登出',1,14306,999,26500),(18900,0,'登录','2015-10-26 21:15:23','用户[系统管理员]登出',1,14306,999,26600),(19000,0,'登录','2015-10-27 08:23:32','用户[系统管理员]登出',1,14306,999,26700),(19100,0,'登录','2015-10-27 08:57:24','用户[系统管理员]登出',1,1,999,27100),(19200,0,'登录','2015-10-27 09:15:14','用户[周小伟]登出',10206,13701,999,27200),(19201,0,'登录','2015-10-27 09:25:36','用户[周小伟]登出',10206,13701,999,27201),(19202,0,'登录','2015-10-27 09:44:11','用户[陈晟宁]登出',10202,1,999,27204),(19300,0,'登录','2015-10-27 11:48:19','用户[]登出',0,0,0,0),(19400,0,'登录','2015-10-27 12:15:35','用户[系统管理员]登出',1,14306,999,27300),(19500,0,'登录','2015-10-27 14:00:58','用户[系统管理员]登出',1,14306,999,27400),(19600,0,'登录','2015-10-27 15:33:39','用户[系统管理员]登出',1,1,999,27600),(19501,0,'登录','2015-10-27 16:31:04','用户[系统管理员]登出',1,1,999,27401),(19700,0,'登录','2015-10-28 18:04:19','用户[商杰]登出',10200,1,999,28200),(19800,0,'登录','2015-10-29 12:34:46','用户[]登出',-999,-999,-999,0),(19801,0,'登录','2015-10-29 21:14:37','用户[周小伟]登出',10206,1,999,28400),(19900,0,'登录','2015-11-02 14:44:05','用户[]登出',0,0,0,0),(20000,0,'登录','2015-11-03 11:26:53','用户[商杰]登出',10200,1,999,28500),(20100,0,'登录','2015-11-10 18:34:29','用户[周小伟]登出',10206,1,999,28700),(20101,0,'登录','2015-11-13 12:54:10','用户[商杰]登出',10200,1,999,28705),(20200,0,'登录','2015-11-18 15:11:58','用户[商杰]登出',10200,1,999,28800),(20201,0,'登录','2015-11-24 09:46:14','用户[商杰]登出',10200,1,999,28802),(20300,0,'登录','2015-11-26 14:32:06','用户[系统管理员]登出',1,1,999,28901),(20400,0,'登录','2015-12-02 11:39:07','用户[商杰]登出',10200,1,999,29001),(20500,0,'登录','2015-12-02 13:19:27','用户[系统管理员]登出',1,1,999,29104),(20501,0,'登录','2015-12-02 13:37:29','用户[系统管理员]登出',1,1,999,29105),(20502,0,'登录','2015-12-02 16:45:51','用户[陈晟宁]登出',10202,1,999,29108),(20503,0,'登录','2015-12-02 17:32:24','用户[康明凯]登出',53206,13701,999,29112),(20504,0,'登录','2015-12-02 17:44:26','用户[康明凯]登出',53206,13701,999,29114),(20505,0,'登录','2015-12-02 17:57:15','用户[商杰]登出',10200,1,999,29102),(20506,0,'登录','2015-12-02 18:14:12','用户[陈晟宁]登出',10202,1,999,29116),(20507,0,'登录','2015-12-02 18:14:44','用户[彭茜]登出',53404,13701,999,29120),(20600,0,'登录','2015-12-03 09:03:21','用户[商杰]登出',10200,1,999,29119),(20601,0,'登录','2015-12-03 10:11:01','用户[商杰]登出',10200,1,999,29202),(20602,0,'登录','2015-12-03 10:20:22','用户[商杰]登出',10200,1,999,29204),(20603,0,'登录','2015-12-03 10:22:39','用户[陈晟宁]登出',10202,1,999,29205),(20604,0,'登录','2015-12-03 11:29:03','用户[陈晟宁]登出',10202,1,999,29206),(20700,0,'登录','2015-12-03 14:05:24','用户[]登出',-999,-999,-999,0),(20701,0,'登录','2015-12-03 15:36:48','用户[陈晟宁]登出',10202,1,999,29302),(20702,0,'登录','2015-12-03 15:38:55','用户[陈晟宁]登出',10202,1,999,29301),(20703,0,'登录','2015-12-03 15:40:50','用户[陈晟宁]登出',10202,1,999,29304),(20704,0,'登录','2015-12-03 18:27:10','用户[商杰]登出',10200,1,999,29305),(20705,0,'登录','2015-12-03 19:31:50','用户[商杰]登出',10200,1,999,29307),(20800,0,'登录','2015-12-04 10:41:36','用户[]登出',-999,-999,-999,0),(20900,0,'登录','2015-12-08 11:40:49','用户[商杰]登出',10200,1,999,29500),(20901,0,'登录','2015-12-08 16:39:07','用户[陈晟宁]登出',10202,1,999,29502),(20902,0,'登录','2015-12-09 09:55:43','用户[周小伟]登出',10206,1,999,29506),(20903,0,'登录','2015-12-09 16:26:38','用户[]登出',0,0,0,0),(20904,0,'登录','2015-12-10 09:31:39','用户[周小伟]登出',10206,1,999,29508),(21000,0,'登录','2015-12-11 23:30:42','用户[商杰]登出',10200,1,999,29603),(21001,0,'登录','2015-12-11 23:31:17','用户[彭茜]登出',53404,13701,999,29604),(21002,0,'登录','2015-12-14 12:47:16','用户[周小伟]登出',10206,1,999,29610),(21003,0,'登录','2015-12-14 14:19:41','用户[贾军辉]登出',55610,14606,999,29613),(21004,0,'登录','2015-12-14 14:19:56','用户[贾军辉]登出',55610,14606,999,29614),(21005,0,'登录','2015-12-14 14:21:10','用户[贺井波]登出',53900,14606,999,29615),(21006,0,'登录','2015-12-14 14:21:24','用户[贺井波]登出',53900,14606,999,29616),(21007,0,'登录','2015-12-14 14:22:29','用户[康明凯]登出',53206,14606,999,29617),(21008,0,'登录','2015-12-14 14:31:03','用户[贾军辉]登出',55610,14606,999,29611),(21100,0,'登录','2015-12-14 15:29:53','用户[周小伟]登出',10206,1,999,29700),(21101,0,'登录','2015-12-14 15:30:20','用户[周小伟]登出',10206,1,999,29702),(21102,0,'登录','2015-12-14 15:32:02','用户[周小伟]登出',10206,1,999,29704),(21103,0,'登录','2015-12-14 15:35:28','用户[周小伟]登出',10206,1,999,29705),(21104,0,'登录','2015-12-14 15:36:31','用户[康明凯]登出',53206,14606,999,29706),(21105,0,'登录','2015-12-14 15:39:13','用户[康明凯]登出',53206,14606,999,29707),(21106,0,'登录','2015-12-14 16:41:05','用户[陈晟宁]登出',10202,1,999,29709),(21107,0,'登录','2015-12-14 19:39:38','用户[康明凯]登出',53206,14606,999,29708),(21108,0,'登录','2015-12-15 10:03:40','用户[王希桥]登出',55710,14606,999,29716),(21109,0,'登录','2015-12-15 11:59:33','用户[周小伟]登出',10206,1,999,29721),(21200,0,'登录','2015-12-15 18:35:58','用户[周小伟]登出',10206,1,999,29900),(21201,0,'登录','2015-12-16 14:30:17','用户[周小伟]登出',10206,1,999,29905),(21202,0,'登录','2015-12-16 14:30:49','用户[周小伟]登出',10206,1,999,29906),(21203,0,'登录','2015-12-16 14:31:35','用户[周小伟]登出',10206,1,999,29907),(21204,0,'登录','2015-12-16 14:32:38','用户[周小伟]登出',10206,1,999,29908),(21205,0,'登录','2015-12-16 14:39:29','用户[李建波]登出',56700,14606,999,29909),(21206,0,'登录','2015-12-16 14:42:44','用户[周小伟]登出',10206,1,999,29910),(21207,0,'登录','2015-12-16 14:45:30','用户[康明凯]登出',53206,14606,999,29911),(21208,0,'登录','2015-12-16 14:46:24','用户[李建波]登出',56700,14606,999,29912),(21300,0,'登录','2015-12-17 09:14:28','用户[康明凯]登出',53206,14606,999,30001),(21301,0,'登录','2015-12-17 13:20:15','用户[陈晟宁]登出',10202,1,999,30007),(21400,0,'登录','2015-12-17 13:30:53','用户[周小伟]登出',10206,1,999,30100),(21401,0,'登录','2015-12-17 14:49:37','用户[周小伟]登出',10206,1,999,30106),(21500,0,'登录','2015-12-19 15:32:55','用户[]登出',0,0,0,0),(21501,0,'登录','2015-12-19 15:33:11','用户[]登出',0,0,0,0),(21600,0,'登录','2015-12-20 15:15:43','用户[周小伟]登出',10206,1,999,30400),(21700,0,'登录','2015-12-21 18:13:48','用户[陈晟宁]登出',10202,1,999,30900),(21800,0,'登录','2015-12-22 10:49:00','用户[陈晟宁]登出',10202,1,999,31102),(21801,0,'登录','2015-12-22 10:50:03','用户[陈晟宁]登出',10202,1,999,31103),(21802,0,'登录','2015-12-22 10:51:20','用户[111111]登出',59800,14606,999,31104),(21803,0,'登录','2015-12-22 10:53:54','用户[陈晟宁]登出',10202,1,999,31105),(21804,0,'登录','2015-12-22 10:53:55','用户[]登出',-999,-999,-999,0),(21805,0,'登录','2015-12-22 11:01:52','用户[111111]登出',59800,14606,999,31106),(21806,0,'登录','2015-12-22 11:27:31','用户[陈晟宁]登出',10202,1,999,31100),(21807,0,'登录','2015-12-22 12:04:11','用户[周小伟]登出',10206,1,999,31108),(21808,0,'登录','2015-12-22 12:13:32','用户[康明凯]登出',53206,14606,999,31107),(21809,0,'登录','2015-12-22 14:45:53','用户[]登出',0,0,0,0),(21900,0,'登录','2015-12-22 16:30:32','用户[]登出',0,0,0,0),(22000,0,'登录','2015-12-23 09:35:09','用户[]登出',0,0,0,0),(22001,0,'登录','2015-12-23 09:49:23','用户[]登出',0,0,0,0),(22002,0,'登录','2015-12-23 11:00:52','用户[周小伟]登出',10206,1,999,31503),(22100,0,'登录','2015-12-23 14:17:06','用户[周小伟]登出',10206,13701,999,31601),(22101,0,'登录','2015-12-23 14:19:13','用户[陈晟宁]登出',10202,1,999,31602),(22102,0,'登录','2015-12-23 14:21:14','用户[陈晟宁]登出',10202,1,999,31603),(22103,0,'登录','2015-12-23 14:29:00','用户[张洋洋]登出',61202,1,999,31605),(22104,0,'登录','2015-12-23 15:41:29','用户[陈晟宁]登出',10202,1,999,31600),(22105,0,'登录','2015-12-23 17:14:15','用户[]登出',-999,-999,-999,0),(22200,0,'登录','2015-12-23 17:53:48','用户[陈晟宁]登出',10202,1,999,31701),(22201,0,'登录','2015-12-23 18:04:43','用户[陈晟宁]登出',10202,1,999,31700),(22300,0,'登录','2015-12-24 09:12:59','用户[]登出',0,0,0,0),(22400,0,'登录','2015-12-24 10:09:21','用户[]登出',-999,-999,-999,0),(22401,0,'登录','2015-12-24 10:38:52','用户[商杰]登出',10200,1,999,32103),(22500,0,'登录','2015-12-24 12:20:15','用户[]登出',-999,-999,-999,0),(22600,0,'登录','2015-12-24 13:45:03','用户[]登出',-999,-999,-999,0),(22700,0,'登录','2015-12-24 14:30:42','用户[]登出',-999,-999,-999,0),(22701,0,'登录','2015-12-24 14:40:43','用户[]登出',0,0,0,0),(22702,0,'登录','2015-12-24 16:34:18','用户[陈晟宁]登出',10202,1,999,32609),(22800,0,'登录','2015-12-24 18:24:15','用户[]登出',-999,-999,-999,0),(22801,0,'登录','2015-12-24 19:58:26','用户[康明凯]登出',53206,14306,999,32700),(22802,0,'登录','2015-12-25 10:08:31','用户[商杰]登出',10200,1,999,32709),(22900,0,'登录','2015-12-25 13:54:11','用户[石雨农]登出',57600,0,0,0),(22901,0,'登录','2015-12-25 13:56:12','用户[]登出',0,0,0,0),(23000,0,'登录','2015-12-25 16:57:41','用户[]登出',-999,-999,-999,0),(23001,0,'登录','2015-12-25 17:01:20','用户[]登出',-999,-999,-999,0),(23002,0,'登录','2015-12-25 17:02:07','用户[康明凯]登出',53206,14306,999,32900),(23100,0,'登录','2015-12-26 09:02:47','用户[周小伟]登出',10206,1,999,33001),(23101,0,'登录','2015-12-26 09:03:40','用户[周小伟]登出',10206,1,999,33002),(23102,0,'登录','2015-12-26 12:22:15','用户[康明凯]登出',53206,14306,999,33000),(23103,0,'登录','2015-12-26 13:00:42','用户[周小伟]登出',10206,14606,999,33011),(23104,0,'登录','2015-12-26 13:01:41','用户[周小伟]登出',10206,14606,999,33012),(23105,0,'登录','2015-12-26 13:05:26','用户[周小伟]登出',10206,1,999,33013),(23106,0,'登录','2015-12-26 13:06:22','用户[康明凯]登出',53206,14306,999,33010),(23107,0,'登录','2015-12-26 13:06:42','用户[周小伟]登出',10206,14606,999,33014),(23108,0,'登录','2015-12-26 13:52:12','用户[周小伟]登出',10206,1,999,33017),(23109,0,'登录','2015-12-26 13:55:34','用户[周小伟]登出',10206,14306,999,33018),(23110,0,'登录','2015-12-26 13:58:22','用户[周小伟]登出',10206,1,999,33019),(23200,0,'登录','2015-12-26 14:00:48','用户[周小伟]登出',10206,14306,999,33020),(23300,0,'登录','2015-12-26 14:48:29','用户[周小伟]登出',10206,1,999,33202),(23400,0,'登录','2015-12-26 16:20:05','用户[]登出',0,0,0,0),(23500,0,'登录','2015-12-29 15:59:13','用户[商杰]登出',10200,1,999,33703),(23600,0,'登录','2015-12-30 11:43:21','用户[陈晟宁]登出',10202,1,999,33908),(23601,0,'登录','2015-12-30 11:44:30','用户[陈晟宁]登出',10202,1,999,33911),(23700,0,'登录','2015-12-30 18:05:15','用户[陈晟宁]登出',10202,1,999,34103),(23800,0,'登录','2015-12-30 19:22:08','用户[]登出',-999,-999,-999,0),(23900,0,'登录','2016-01-03 20:32:50','用户[商杰]登出',10200,1,999,34309),(23901,0,'登录','2016-01-04 09:14:54','用户[康明凯]登出',53206,13703,999,34315),(24000,0,'登录','2016-01-04 15:43:15','用户[周小伟]登出',10206,1,999,34613),(24001,0,'登录','2016-01-04 16:55:56','用户[商杰]登出',10200,1,999,34600),(24002,0,'登录','2016-01-04 17:31:27','用户[]登出',0,0,0,0),(24100,0,'登录','2016-01-04 19:41:57','用户[]登出',0,0,0,0),(24200,0,'登录','2016-01-05 10:07:08','用户[康明凯]登出',53206,13703,999,35003),(24201,0,'登录','2016-01-05 10:08:46','用户[陈晟宁]登出',10202,1,999,35005),(24300,0,'登录','2016-01-05 10:37:00','用户[康明凯]登出',53206,13703,999,35101),(24301,0,'登录','2016-01-05 10:37:51','用户[贺井波]登出',53900,14606,999,35102),(24302,0,'登录','2016-01-05 12:03:10','用户[石雨农]登出',57600,13701,999,35100),(24303,0,'登录','2016-01-05 12:33:40','用户[陈晟宁]登出',10202,1,999,35109),(24304,0,'登录','2016-01-05 12:37:19','用户[石雨农]登出',57600,13701,999,35112),(24305,0,'登录','2016-01-05 12:38:28','用户[石雨农]登出',57600,13701,999,35111),(24400,0,'登录','2016-01-05 13:31:49','用户[]登出',0,0,0,0),(24500,0,'登录','2016-01-05 14:15:34','用户[系统管理员]登出',1,0,0,0),(24600,0,'登录','2016-01-05 16:10:31','用户[陈晟宁]登出',10202,1,999,35407),(24700,0,'登录','2016-01-05 16:57:56','用户[陈晟宁]登出',10202,1,999,35505),(24800,0,'登录','2016-01-05 17:14:18','用户[陈晟宁]登出',10202,1,999,35601),(24801,0,'登录','2016-01-05 17:21:01','用户[]登出',-999,-999,-999,0),(24900,0,'登录','2016-01-06 09:33:43','用户[]登出',-999,-999,-999,0),(25000,0,'登录','2016-01-06 14:43:22','用户[]登出',-999,-999,-999,0),(25001,0,'登录','2016-01-06 16:31:04','用户[商杰]登出',10200,1,999,36104),(25002,0,'登录','2016-01-06 18:10:58','用户[周小伟]登出',10206,1,999,36107),(25100,0,'登录','2016-01-07 12:06:00','用户[陈晟宁]登出',10202,1,999,36208),(25101,0,'登录','2016-01-07 14:02:16','用户[商杰]登出',10200,1,999,36209),(25200,0,'登录','2016-01-08 13:58:57','用户[]登出',-999,-999,-999,0),(25201,0,'登录','2016-01-08 16:18:14','用户[周小伟]登出',10206,1,999,36302),(25202,0,'登录','2016-01-08 16:36:45','用户[陈晟宁]登出',10202,1,999,36303),(25203,0,'登录','2016-01-08 21:51:53','用户[陈晟宁]登出',10202,1,999,36306),(25204,0,'登录','2016-01-11 19:43:21','用户[周小伟]登出',10206,1,999,36310),(25205,0,'登录','2016-01-13 13:44:40','用户[商杰]登出',10200,1,999,36316),(25206,0,'登录','2016-01-13 18:03:38','用户[薛斌]登出',67800,13701,999,36320),(25300,0,'登录','2016-01-14 18:13:23','用户[周小伟]登出',10206,1,999,36603),(25301,0,'登录','2016-01-14 18:13:56','用户[陈晟宁]登出',10202,1,999,36604),(25302,0,'登录','2016-01-15 16:46:18','用户[陈晟宁]登出',10202,1,999,36613),(25303,0,'登录','2016-01-15 16:47:15','用户[系统管理员]登出',1,1,999,36614),(25400,0,'登录','2016-01-15 17:02:57','用户[陈晟宁]登出',10202,1,999,36700),(25401,0,'登录','2016-01-15 17:09:19','用户[系统管理员]登出',1,1,999,36701),(25402,0,'登录','2016-01-15 18:29:38','用户[系统管理员]登出',1,1,999,36702),(25403,0,'登录','2016-01-15 18:35:45','用户[陈晟宁]登出',10202,1,999,36703),(25404,0,'登录','2016-01-18 10:40:03','用户[陈晟宁]登出',10202,1,999,36706),(25405,0,'登录','2016-01-18 11:48:28','用户[商杰]登出',10200,1,999,36709),(25406,0,'登录','2016-01-18 11:59:38','用户[陈晟宁]登出',10202,1,999,36710),(25407,0,'登录','2016-01-18 12:08:01','用户[石雨农]登出',57600,13701,999,36708),(25408,0,'登录','2016-01-18 16:53:33','用户[陈晟宁]登出',10202,1,999,36713),(25409,0,'登录','2016-01-18 17:08:35','用户[陈晟宁]登出',10202,1,999,36712),(25410,0,'登录','2016-01-18 17:33:32','用户[陈晟宁]登出',10202,1,999,36714),(25411,0,'登录','2016-01-20 14:51:51','用户[周小伟]登出',10206,14306,999,36722),(25412,0,'登录','2016-01-20 19:25:52','用户[周小伟]登出',10206,1,999,36723),(25500,0,'登录','2016-01-21 09:16:56','用户[商杰]登出',10200,1,999,36901),(25501,0,'登录','2016-01-21 10:05:57','用户[]登出',0,0,0,0),(25600,0,'登录','2016-01-21 11:37:10','用户[陈晟宁]登出',10202,1,999,37200),(25700,0,'登录','2016-01-21 11:58:36','用户[]登出',-999,-999,-999,0),(25701,0,'登录','2016-01-21 12:42:20','用户[康明凯]登出',53206,13703,999,37304),(25800,0,'登录','2016-01-21 13:24:51','用户[]登出',-999,-999,-999,0),(25900,0,'登录','2016-01-21 15:33:17','用户[]登出',0,0,0,0),(26000,0,'登录','2016-01-21 17:53:24','用户[周小伟]登出',10206,1,999,37602),(26001,0,'登录','2016-01-21 18:02:04','用户[康明凯]登出',53206,13703,999,37610),(26002,0,'登录','2016-01-21 18:11:36','用户[商杰]登出',10200,1,999,37606),(26003,0,'登录','2016-01-21 18:22:02','用户[商杰]登出',10200,1,999,37611),(26100,0,'登录','2016-01-22 11:27:49','用户[商杰]登出',10200,1,999,37700),(26101,0,'登录','2016-01-22 17:05:11','用户[商杰]登出',10200,1,999,37706),(26200,0,'登录','2016-01-25 08:21:21','用户[]登出',0,0,0,0),(26201,0,'登录','2016-01-25 10:13:18','用户[商杰]登出',10200,1,999,37811),(26202,0,'登录','2016-01-25 10:21:10','用户[商杰]登出',10200,1,999,37815),(26203,0,'登录','2016-01-25 11:06:47','用户[陈晟宁]登出',10202,1,999,37813),(26300,0,'登录','2016-01-25 12:10:45','用户[]登出',-999,-999,-999,0),(26400,0,'登录','2016-01-25 16:40:40','用户[]登出',-999,-999,-999,0),(26500,0,'登录','2016-01-26 10:20:21','用户[商杰]登出',10200,1,999,38206),(26501,0,'登录','2016-01-26 13:12:47','用户[商杰]登出',10200,1,999,38213),(26502,0,'登录','2016-01-27 14:23:36','用户[商杰]登出',10200,1,999,38218),(26503,0,'登录','2016-01-27 15:55:44','用户[陈晟宁]登出',10202,1,999,38230),(26504,0,'登录','2016-01-27 18:51:00','用户[]登出',0,0,0,0),(26505,0,'登录','2016-01-28 10:11:01','用户[Irene]登出',65621,0,0,0),(26600,0,'登录','2016-01-29 17:06:16','用户[周小伟]登出',10206,14306,999,38307),(26601,0,'登录','2016-01-29 18:07:34','用户[周小伟]登出',10206,1,999,38308),(26602,0,'登录','2016-02-01 10:15:30','用户[周小伟]登出',10206,1,999,38332),(26603,0,'登录','2016-02-01 11:39:07','用户[陈晟宁]登出',10202,1,999,38337),(26604,0,'登录','2016-02-15 16:20:37','用户[商杰]登出',10200,1,999,38360),(26605,0,'登录','2016-02-15 16:20:50','用户[陆羲文]登出',92548,1,999,38364),(26606,0,'登录','2016-02-15 18:38:30','用户[陈晟宁]登出',10202,1,999,38367),(26700,0,'登录','2016-02-16 11:12:54','用户[商杰]登出',10200,1,999,38400);

/*Table structure for table `sys_op_log` */

CREATE TABLE `sys_op_log` (
  `id` bigint(12) NOT NULL AUTO_INCREMENT COMMENT '主键',
  `sub_system` varchar(16) DEFAULT NULL COMMENT '子系统',
  `module` varchar(32) DEFAULT NULL COMMENT '模块',
  `operation` varchar(32) DEFAULT NULL COMMENT '操作名称',
  `actor` varchar(32) DEFAULT NULL COMMENT '创建者',
  `ip_addr` varchar(32) DEFAULT NULL COMMENT '操作IP',
  `content` varchar(512) DEFAULT NULL COMMENT '详细参数',
  `description` varchar(512) DEFAULT NULL COMMENT '描述',
  `create_time` datetime DEFAULT CURRENT_TIMESTAMP COMMENT '创建时间',
  PRIMARY KEY (`id`),
  KEY `idx_module` (`id`)
) ENGINE=InnoDB AUTO_INCREMENT=44 DEFAULT CHARSET=utf8;

/*Data for the table `sys_op_log` */

insert  into `sys_op_log`(`id`,`sub_system`,`module`,`operation`,`actor`,`ip_addr`,`content`,`description`,`create_time`) values (1,'WHEAT','ORDER_PACKAGE','修改后台订单状态','admin','127.0.0.1','{\"dispStatus\":\"BACK\",\"orderId\":\"1000160517001655\",\"orderStatus\":\"NULLIFY\"}',NULL,'2016-07-27 10:55:51'),(2,'WHEAT','ORDER','修改OMS订单状态','admin','127.0.0.1','{\"orderId\":\"1000160517001655\",\"orderStatus\":\"NULLIFY\"}',NULL,'2016-07-27 10:55:51'),(3,'JOYSEED','ORDER_PACKAGE','修改后台订单状态','admin','127.0.0.1','{\"dispStatus\":\"BACK\",\"orderId\":\"1000160506001921\",\"orderStatus\":\"CANCELLED\"}',NULL,'2016-07-27 10:58:42'),(4,'JOYSEED','ORDER','修改OMS订单状态','admin','127.0.0.1','{\"orderId\":\"1000160506001921\",\"orderStatus\":\"CANCELLED\"}',NULL,'2016-07-27 10:58:42'),(39,'WHEAT','ORDER_PACKAGE','修改后台订单状态','admin','127.0.0.1','ORDER_PACKAGE [orderId=1000160517001396, orderStatus=PAID, dispStatus=INITIAL]','ORDER_PACKAGE [orderId=1000160517001396, orderStatus=PAID, dispStatus=DISTRIBUTED]','2016-07-29 15:21:05'),(40,'WHEAT','ORDER','修改OMS订单状态','admin','127.0.0.1','Order [orderId=1000160517001396, orderStatus=PAID]','Order [orderId=1000160517001396, orderStatus=COMPLETE]','2016-07-29 15:22:33'),(41,'JOYSEED','ORDER_PACKAGE','修改后台订单状态','admin','127.0.0.1','ORDER_PACKAGE [orderId=1000160510000600, orderStatus=RECEIVED, dispStatus=COMPLETE]','ORDER_PACKAGE [orderId=1000160510000600, orderStatus=PAID, dispStatus=INITIAL]','2016-07-29 15:23:36'),(42,'JOYSEED','ORDER','修改OMS订单状态','admin','127.0.0.1','Order [orderId=1000160510000600, orderStatus=RECEIVED]','Order [orderId=1000160510000600, orderStatus=]','2016-07-29 15:23:36'),(43,'JOYSEED','ORDER_PACKAGE','修改后台订单状态','admin','127.0.0.1','ORDER_PACKAGE [orderId=E07030601355907, orderStatus=RECEIVED, dispStatus=COMPLETE]','ORDER_PACKAGE [orderId=E07030601355907, orderStatus=PAID, dispStatus=INITIAL]','2016-07-29 15:24:33');

/*Table structure for table `sys_permission` */

CREATE TABLE `sys_permission` (
  `id` bigint(12) NOT NULL AUTO_INCREMENT COMMENT '主键',
  `parent_id` bigint(12) DEFAULT NULL COMMENT '父节点名称',
  `name` varchar(32) NOT NULL COMMENT '名称',
  `type` varchar(20) DEFAULT NULL COMMENT '类型:菜单or功能',
  `sort_no` int(8) DEFAULT NULL COMMENT '排序',
  `url` varchar(256) DEFAULT NULL COMMENT '菜单URL',
  `perm_code` varchar(50) DEFAULT NULL COMMENT '菜单编码',
  `icon` varchar(256) DEFAULT NULL COMMENT '图标',
  `status` varchar(8) NOT NULL DEFAULT '1' COMMENT '状态:1,有效 0,无效',
  `description` varchar(512) DEFAULT NULL COMMENT '描述',
  `create_user` varchar(32) DEFAULT NULL COMMENT '创建人',
  `modify_user` varchar(32) DEFAULT NULL COMMENT '最后修改人',
  `modify_time` datetime DEFAULT NULL COMMENT '修改时间',
  `create_time` datetime DEFAULT CURRENT_TIMESTAMP COMMENT '创建时间',
  PRIMARY KEY (`id`)
) ENGINE=InnoDB AUTO_INCREMENT=96 DEFAULT CHARSET=utf8;

/*Data for the table `sys_permission` */

insert  into `sys_permission`(`id`,`parent_id`,`name`,`type`,`sort_no`,`url`,`perm_code`,`icon`,`status`,`description`,`create_user`,`modify_user`,`modify_time`,`create_time`) values (1,NULL,'系统管理','F',10,'','','icon-standard-cog','1','',NULL,NULL,NULL,NULL),(2,1,'角色管理','F',0,'system/role','','icon-hamburg-my-account','1','',NULL,NULL,NULL,NULL),(3,1,'用户管理','F',0,'system/user','','icon-hamburg-user','1','',NULL,NULL,NULL,NULL),(4,2,'添加','O',NULL,'','sys:role:save','','1','角色添加',NULL,NULL,NULL,NULL),(5,2,'删除','O',NULL,'','sys:role:remove','','1','角色删除',NULL,NULL,NULL,NULL),(6,2,'修改','O',NULL,'','sys:role:change','','1','角色修改',NULL,NULL,NULL,NULL),(7,3,'添加','O',NULL,'','sys:user:save','','1','用户添加',NULL,NULL,NULL,NULL),(8,3,'删除','O',NULL,'','sys:user:remove','','1','用户删除',NULL,NULL,NULL,NULL),(12,1,'权限管理','F',5,'system/permission','','icon-hamburg-login','1','',NULL,NULL,NULL,NULL),(14,15,'数据源监控','F',6,'druid','','icon-hamburg-database','1','',NULL,NULL,NULL,NULL),(15,NULL,'系统监控','F',3,'','','icon-hamburg-graphic','1','',NULL,NULL,NULL,NULL),(16,3,'修改','O',NULL,'','sys:user:change','','1','用户修改',NULL,NULL,NULL,NULL),(25,12,'添加','O',NULL,'','sys:perm:save','','1','菜单添加',NULL,NULL,NULL,NULL),(26,12,'修改','O',NULL,'','sys:perm:change','','1','菜单修改',NULL,NULL,NULL,NULL),(27,12,'删除','O',NULL,'','sys:perm:remove','','1','菜单删除',NULL,NULL,NULL,NULL),(28,2,'查看','O',NULL,'','sys:role:view','','1','角色查看',NULL,NULL,NULL,NULL),(29,3,'查看','O',NULL,'','sys:user:view','','1','用户查看',NULL,NULL,NULL,NULL),(30,12,'查看','O',NULL,'','sys:perm:view','','1','权限查看',NULL,NULL,NULL,NULL),(33,3,'查看用户角色','O',NULL,'','sys:user:roleView','','1','查看用户角色',NULL,NULL,NULL,NULL),(34,2,'保存授权','O',NULL,'','sys:role:permChange','','1','保存修改的角色权限',NULL,NULL,'2016-06-22 16:39:02',NULL),(35,3,'修改用户角色','O',NULL,'','sys:user:roleChange','','1','修改用户拥有的角色',NULL,NULL,NULL,NULL),(36,2,'查看角色权限','O',NULL,'','sys:role:permView','','1','查看角色拥有的权限',NULL,NULL,NULL,NULL),(37,15,'定时任务管理','F',NULL,'system/scheduleJob','','icon-hamburg-full-time','0','定时任务管理，支持集群',NULL,NULL,NULL,NULL),(38,15,'cron表达式生成','F',NULL,'system/scheduleJob/quartzCron','','icon-hamburg-future','0','',NULL,NULL,NULL,NULL),(39,1,'菜单管理','F',4,'system/permission/menu','','icon-hamburg-old-versions','1','',NULL,NULL,NULL,NULL),(40,1,'字典管理','F',6,'system/dict',NULL,'icon-hamburg-address','0','数据字典管理',NULL,NULL,NULL,NULL),(45,39,'修改','O',NULL,'','sys:perm:change',NULL,'1','菜单管理',NULL,NULL,NULL,NULL),(58,39,'添加','O',NULL,'','sys:perm:save',NULL,'1','菜单管理',NULL,NULL,NULL,NULL),(59,39,'删除','O',NULL,'','sys:perm:remove',NULL,'1','菜单管理',NULL,NULL,NULL,NULL),(70,39,'查看','O',NULL,'','sys:perm:menu:view',NULL,'1','菜单管理',NULL,NULL,NULL,NULL),(71,NULL,'开发实例','F',2,'',NULL,'icon-hamburg-basket','1','商店',NULL,NULL,NULL,NULL),(72,71,'地址管理','F',NULL,'template/community',NULL,'icon-hamburg-product','1','商品管理',NULL,NULL,NULL,NULL),(74,1,'区域信息','F',7,'system/area',NULL,'icon-hamburg-world','0','管理行政区划',NULL,NULL,NULL,NULL),(80,2,'导出','O',NULL,'','sys:role:export',NULL,'1','角色导出数据',NULL,NULL,NULL,'2016-06-21 11:10:30'),(81,39,'导出','O',NULL,'','sys:perm:export',NULL,'1','菜单管理',NULL,NULL,NULL,'2016-06-21 11:26:56'),(83,82,'导入','O',NULL,'','joyseed:order:import',NULL,'1','',NULL,NULL,'2016-06-23 10:15:08','2016-06-22 16:53:20'),(84,77,'查看','O',NULL,'','wheat:order:view',NULL,'1','元麦配送员配送计划管理',NULL,NULL,'2016-06-23 10:13:46','2016-06-23 10:13:24'),(85,77,'打印','O',NULL,'','wheat:order:print',NULL,'1','打印',NULL,NULL,NULL,'2016-06-23 10:14:17');

/*Table structure for table `sys_role` */

CREATE TABLE `sys_role` (
  `id` bigint(12) NOT NULL AUTO_INCREMENT COMMENT '主键',
  `name` varchar(32) NOT NULL COMMENT '角色名称',
  `code` varchar(32) NOT NULL COMMENT '角色code',
  `description` varchar(512) DEFAULT NULL COMMENT '描述',
  `sort_no` int(8) DEFAULT NULL COMMENT '排序',
  `status` int(8) DEFAULT '1' COMMENT '状态',
  `create_user` varchar(32) DEFAULT NULL COMMENT '创建人',
  `modify_user` varchar(32) DEFAULT NULL COMMENT '最后修改人',
  `create_time` datetime DEFAULT NULL COMMENT '创建时间',
  `modify_time` datetime DEFAULT NULL COMMENT '最后修改时间',
  PRIMARY KEY (`id`)
) ENGINE=InnoDB AUTO_INCREMENT=8 DEFAULT CHARSET=utf8;

/*Data for the table `sys_role` */

insert  into `sys_role`(`id`,`name`,`code`,`description`,`sort_no`,`status`,`create_user`,`modify_user`,`create_time`,`modify_time`) values (1,'超级管理员','admin','超级管理员',0,1,'admin',NULL,'2016-06-15 15:16:00','2016-06-15 15:16:07'),(2,'临时用户','guest','测试',0,1,'admin',NULL,'2016-06-15 15:17:13','2016-06-15 15:17:17');

/*Table structure for table `sys_role_permission` */

CREATE TABLE `sys_role_permission` (
  `id` bigint(12) NOT NULL AUTO_INCREMENT COMMENT '主键',
  `role_id` bigint(12) DEFAULT NULL COMMENT '角色id',
  `permission_id` bigint(12) DEFAULT NULL COMMENT '权限id',
  `create_user` varchar(32) DEFAULT NULL COMMENT '创建人',
  `modify_user` varchar(32) DEFAULT NULL COMMENT '最后修改人',
  `create_time` datetime DEFAULT CURRENT_TIMESTAMP COMMENT '创建时间',
  `modify_time` datetime DEFAULT NULL COMMENT '最后修改时间',
  PRIMARY KEY (`id`)
) ENGINE=InnoDB AUTO_INCREMENT=131 DEFAULT CHARSET=utf8;

/*Data for the table `sys_role_permission` */

insert  into `sys_role_permission`(`id`,`role_id`,`permission_id`,`create_user`,`modify_user`,`create_time`,`modify_time`) values (1,1,1,NULL,NULL,'2016-06-30 15:07:05',NULL),(2,1,2,NULL,NULL,'2016-06-30 15:07:05',NULL),(3,1,3,NULL,NULL,'2016-06-30 15:07:05',NULL),(4,1,4,NULL,NULL,'2016-06-30 15:07:05',NULL),(5,1,5,NULL,NULL,'2016-06-30 15:07:05',NULL),(6,1,6,NULL,NULL,'2016-06-30 15:07:05',NULL),(7,1,7,NULL,NULL,'2016-06-30 15:07:05',NULL),(8,1,8,NULL,NULL,'2016-06-30 15:07:05',NULL),(9,1,12,NULL,NULL,'2016-06-30 15:07:05',NULL),(10,1,14,NULL,NULL,'2016-06-30 15:07:05',NULL),(11,1,15,NULL,NULL,'2016-06-30 15:07:05',NULL),(12,1,16,NULL,NULL,'2016-06-30 15:07:05',NULL),(13,1,25,NULL,NULL,'2016-06-30 15:07:05',NULL),(14,1,26,NULL,NULL,'2016-06-30 15:07:05',NULL),(15,1,27,NULL,NULL,'2016-06-30 15:07:05',NULL),(16,1,28,NULL,NULL,'2016-06-30 15:07:05',NULL),(17,1,29,NULL,NULL,'2016-06-30 15:07:05',NULL),(18,1,30,NULL,NULL,'2016-06-30 15:07:05',NULL),(19,1,33,NULL,NULL,'2016-06-30 15:07:05',NULL),(20,1,34,NULL,NULL,'2016-06-30 15:07:05',NULL),(21,1,35,NULL,NULL,'2016-06-30 15:07:05',NULL),(22,1,36,NULL,NULL,'2016-06-30 15:07:05',NULL),(23,1,39,NULL,NULL,'2016-06-30 15:07:05',NULL),(24,1,45,NULL,NULL,'2016-06-30 15:07:05',NULL),(25,1,58,NULL,NULL,'2016-06-30 15:07:05',NULL),(26,1,59,NULL,NULL,'2016-06-30 15:07:05',NULL),(27,1,70,NULL,NULL,'2016-06-30 15:07:05',NULL),(28,1,71,NULL,NULL,'2016-06-30 15:07:05',NULL),(29,1,72,NULL,NULL,'2016-06-30 15:07:05',NULL),(30,1,75,NULL,NULL,'2016-06-30 15:07:05',NULL),(31,1,76,NULL,NULL,'2016-06-30 15:07:05',NULL),(32,1,77,NULL,NULL,'2016-06-30 15:07:05',NULL),(33,1,80,NULL,NULL,'2016-06-30 15:07:05',NULL),(34,1,81,NULL,NULL,'2016-06-30 15:07:05',NULL),(35,1,82,NULL,NULL,'2016-06-30 15:07:05',NULL),(36,1,83,NULL,NULL,'2016-06-30 15:07:05',NULL),(37,1,84,NULL,NULL,'2016-06-30 15:07:05',NULL),(38,1,85,NULL,NULL,'2016-06-30 15:07:05',NULL),(101,5,82,NULL,NULL,'2016-06-30 15:52:39',NULL),(102,5,83,NULL,NULL,'2016-06-30 15:52:39',NULL),(103,5,76,NULL,NULL,'2016-06-30 15:52:39',NULL),(104,7,77,NULL,NULL,'2016-06-30 15:53:47',NULL),(105,7,84,NULL,NULL,'2016-06-30 15:53:47',NULL),(106,7,85,NULL,NULL,'2016-06-30 15:53:47',NULL),(107,7,76,NULL,NULL,'2016-06-30 15:53:47',NULL),(108,2,2,NULL,NULL,'2016-07-01 14:36:41',NULL),(109,2,1,NULL,NULL,'2016-07-01 14:36:41',NULL),(110,2,4,NULL,NULL,'2016-07-01 14:36:41',NULL),(111,2,5,NULL,NULL,'2016-07-01 14:36:41',NULL),(112,2,6,NULL,NULL,'2016-07-01 14:36:41',NULL),(113,2,28,NULL,NULL,'2016-07-01 14:36:41',NULL),(114,2,34,NULL,NULL,'2016-07-01 14:36:41',NULL),(115,2,36,NULL,NULL,'2016-07-01 14:36:41',NULL),(116,2,80,NULL,NULL,'2016-07-01 14:36:41',NULL),(117,1,86,NULL,NULL,'2016-07-12 10:23:46',NULL),(118,1,87,NULL,NULL,'2016-07-26 16:21:12',NULL),(119,1,88,NULL,NULL,'2016-08-03 11:02:33',NULL),(120,7,88,NULL,NULL,'2016-08-03 11:02:47',NULL),(121,1,89,NULL,NULL,'2016-08-04 09:44:46',NULL),(122,7,90,NULL,NULL,'2016-08-10 10:36:20',NULL),(123,1,90,NULL,NULL,'2016-08-10 10:37:43',NULL),(124,1,91,NULL,NULL,'2016-08-11 11:52:45',NULL),(125,1,92,NULL,NULL,'2016-08-12 11:48:26',NULL),(126,7,92,NULL,NULL,'2016-08-12 11:48:42',NULL),(127,1,93,NULL,NULL,'2016-08-12 14:05:14',NULL),(128,1,94,NULL,NULL,'2016-08-16 17:53:41',NULL),(129,7,95,NULL,NULL,'2016-08-18 10:41:51',NULL),(130,1,95,NULL,NULL,'2016-08-18 10:41:55',NULL);

/*Table structure for table `sys_user` */

CREATE TABLE `sys_user` (
  `id` bigint(12) NOT NULL AUTO_INCREMENT COMMENT '主键id',
  `username` varchar(32) NOT NULL COMMENT '用户名',
  `password` varchar(256) NOT NULL COMMENT '密码',
  `name` varchar(32) NOT NULL COMMENT '姓名',
  `birthday` datetime DEFAULT NULL COMMENT '生日',
  `gender` int(8) DEFAULT NULL COMMENT '性别',
  `email` varchar(256) DEFAULT NULL COMMENT '邮箱',
  `mobile` varchar(32) DEFAULT NULL COMMENT '手机',
  `description` varchar(512) DEFAULT NULL COMMENT '描述',
  `status` int(8) DEFAULT NULL COMMENT '状态',
  `visit_count` int(8) DEFAULT '0' COMMENT '登录次数',
  `last_visit_time` datetime DEFAULT NULL COMMENT '最后登录时间',
  `create_user` varchar(32) DEFAULT NULL COMMENT '创建人',
  `modify_user` varchar(32) DEFAULT NULL COMMENT '最后修改人',
  `modify_time` datetime DEFAULT NULL COMMENT '最后修改时间',
  `create_time` datetime DEFAULT CURRENT_TIMESTAMP COMMENT '创建时间',
  PRIMARY KEY (`id`)
) ENGINE=InnoDB AUTO_INCREMENT=6 DEFAULT CHARSET=utf8;

/*Data for the table `sys_user` */

insert  into `sys_user`(`id`,`username`,`password`,`name`,`birthday`,`gender`,`email`,`mobile`,`description`,`status`,`visit_count`,`last_visit_time`,`create_user`,`modify_user`,`modify_time`,`create_time`) values (1,'admin','0192023a7bbd73250516f069df18b500','系统管理员','2016-06-12 00:00:00',1,'admin@m.com','13512345678','系统管理员',1,78,'2016-08-18 17:28:23',NULL,NULL,'2016-08-18 17:35:56','2016-06-12 16:39:03'),(3,'david','e10adc3949ba59abbe56e057f20f883e','魏先生','1991-06-05 00:00:00',0,'david@mcake.com','13761142302','测试数据',NULL,NULL,NULL,NULL,NULL,NULL,NULL);

/*Table structure for table `sys_user_role` */

CREATE TABLE `sys_user_role` (
  `id` bigint(12) NOT NULL AUTO_INCREMENT COMMENT '主键',
  `user_id` bigint(12) NOT NULL COMMENT '用户id',
  `role_id` bigint(12) NOT NULL COMMENT '角色id',
  `create_user` varchar(32) DEFAULT NULL COMMENT '创建人',
  `modify_user` varchar(32) DEFAULT NULL COMMENT '最后修改人',
  `modify_time` datetime DEFAULT NULL COMMENT '最后修改时间',
  `create_time` datetime DEFAULT CURRENT_TIMESTAMP COMMENT '创建时间',
  PRIMARY KEY (`id`),
  KEY `FK_USER_ROL_REFERENCE_ROLE` (`role_id`) USING BTREE,
  KEY `FK_USER_ROL_REFERENCE_USERS` (`user_id`) USING BTREE,
  CONSTRAINT `user_role_ibfk_1` FOREIGN KEY (`role_id`) REFERENCES `sys_role` (`id`),
  CONSTRAINT `user_role_ibfk_2` FOREIGN KEY (`user_id`) REFERENCES `sys_user` (`id`)
) ENGINE=InnoDB AUTO_INCREMENT=8 DEFAULT CHARSET=utf8;

/*Data for the table `sys_user_role` */

insert  into `sys_user_role`(`id`,`user_id`,`role_id`,`create_user`,`modify_user`,`modify_time`,`create_time`) values (1,1,1,NULL,NULL,'2016-06-21 13:38:04','2016-06-21 13:38:01');

/*Table structure for table `t_community` */

CREATE TABLE `t_community` (
  `id` bigint(11) NOT NULL AUTO_INCREMENT COMMENT '主键',
  `city_name` varchar(32) DEFAULT NULL COMMENT '城市名称',
  `city_code` varchar(32) DEFAULT NULL COMMENT '城市编码',
  `area_name` varchar(32) DEFAULT NULL COMMENT '区域名称',
  `area_code` varchar(32) DEFAULT NULL COMMENT '区域编码',
  `community` varchar(64) DEFAULT NULL COMMENT '小区名称',
  `company` varchar(64) DEFAULT NULL COMMENT '单位名称',
  PRIMARY KEY (`id`)
) ENGINE=InnoDB AUTO_INCREMENT=10007 DEFAULT CHARSET=utf8;

/*Data for the table `t_community` */

insert  into `t_community`(`id`,`city_name`,`city_code`,`area_name`,`area_code`,`community`,`company`) values (1,'上海','31','闵行','minhang','富丽公寓',''),(2,'上海','31','闵行','minhang','龙柏四季花园',''),(3,'上海','31','闵行','minhang','明申花园',''),(4,'上海','31','闵行','minhang','平吉二村',''),(5,'上海','31','闵行','minhang','万科城花新园',''),(6,'上海','31','闵行','minhang','上海康城（一至四期）',''),(7,'上海','31','闵行','minhang','罗阳七村',''),(8,'上海','31','闵行','minhang','浦江智汇园',''),(9,'上海','31','闵行','minhang','罗阳五村',''),(10,'上海','31','闵行','minhang','西郊庄园',''),(11,'上海','31','闵行','minhang','新时代富嘉花园',''),(12,'上海','31','闵行','minhang','湖山在望',''),(13,'上海','31','闵行','minhang','上海阳城',''),(14,'上海','31','闵行','minhang','上海春城（一至三期）',''),(15,'上海','31','闵行','minhang','流晶逸彩',''),(16,'上海','31','闵行','minhang','虹桥花苑',''),(17,'上海','31','闵行','minhang','华光花园',''),(18,'上海','31','闵行','minhang','静安新城（一区至十二区）',''),(19,'上海','31','闵行','minhang','金都花好悦园（一至五期）',''),(21,'上海','31','闵行','minhang','江南星城（一至二期）',''),(22,'上海','31','闵行','minhang','君莲新城广润苑',''),(23,'上海','31','闵行','minhang','莲浦府邸（一至二期）',''),(24,'上海','31','闵行','minhang','西班牙名园',''),(25,'上海','31','闵行','minhang','君临天下花园',''),(26,'上海','31','闵行','minhang','名都新城（一至四期）',''),(27,'上海','31','闵行','minhang','虹景苑',''),(28,'上海','31','闵行','minhang','朗诗未来街区',''),(29,'上海','31','闵行','minhang','绿城玫瑰园',''),(30,'上海','31','闵行','minhang','九歌上郡',''),(31,'上海','31','闵行','minhang','罗阳三村',''),(32,'上海','31','闵行','minhang','龙柏西郊公寓',''),(33,'上海','31','闵行','minhang','欧风花都',''),(34,'上海','31','闵行','minhang','南方城',''),(35,'上海','31','闵行','minhang','浦江宝邸',''),(36,'上海','31','闵行','minhang','平南三村',''),(37,'上海','31','闵行','minhang','春申景城（二期）',''),(38,'上海','31','闵行','minhang','虹浦新城',''),(39,'上海','31','闵行','minhang','平阳绿家园',''),(40,'上海','31','闵行','minhang','茂盛城市花园（一至三期）',''),(41,'上海','31','闵行','minhang','御涛园',''),(42,'上海','31','闵行','minhang','东苑古龙城一期',''),(43,'上海','31','闵行','minhang','景舒苑（一村至十村）',''),(44,'上海','31','闵行','minhang','万乐城',''),(45,'上海','31','闵行','minhang','好世凤凰城',''),(46,'上海','31','闵行','minhang','好世樱园',''),(47,'上海','31','闵行','minhang','保利茉莉公馆',''),(48,'上海','31','闵行','minhang','新时代花园',''),(49,'上海','31','闵行','minhang','新时代景庭',''),(50,'上海','31','闵行','minhang','金色西郊城',''),(51,'上海','31','闵行','minhang','东苑半岛花园',''),(52,'上海','31','闵行','minhang','银河新都',''),(53,'上海','31','闵行','minhang','万科兰乔圣菲（一至三期）',''),(54,'上海','31','闵行','minhang','万兆家园一二四期',''),(55,'上海','31','闵行','minhang','万源城朗郡',''),(56,'上海','31','闵行','minhang','风度国际',''),(57,'上海','31','闵行','minhang','蓝色港湾博馨苑',''),(58,'上海','31','闵行','minhang','耕读园',''),(59,'上海','31','闵行','minhang','白雪公主',''),(60,'上海','31','闵行','minhang','一品漫城',''),(61,'上海','31','闵行','minhang','新梅花苑',''),(62,'上海','31','闵行','minhang','欣佳宝邸一期',''),(63,'上海','31','闵行','minhang','皇都花园（一至二期）',''),(64,'上海','31','闵行','minhang','银都名墅',''),(65,'上海','31','闵行','minhang','万科魅力之城',''),(66,'上海','31','闵行','minhang','中星红庐',''),(67,'上海','31','闵行','minhang','航华一村一街坊',''),(68,'上海','31','闵行','minhang','瑞和新苑',''),(69,'上海','31','闵行','minhang','西郊庄园马德里',''),(70,'上海','31','闵行','minhang','爱庐世纪新苑',''),(71,'上海','31','闵行','minhang','华侨城十号院',''),(72,'上海','31','闵行','minhang','阳明国际花苑（一至五期）',''),(73,'上海','31','闵行','minhang','嘉富丽苑',''),(74,'上海','31','闵行','minhang','闵行星河湾',''),(75,'上海','31','闵行','minhang','高兴花园',''),(76,'上海','31','闵行','minhang','碧林湾苑（一至三期）',''),(77,'上海','31','闵行','minhang','沁春园一村',''),(78,'上海','31','闵行','minhang','南郊别墅',''),(79,'上海','31','闵行','minhang','水语人家',''),(80,'上海','31','闵行','minhang','大上海国际花园',''),(81,'上海','31','闵行','minhang','东方花园三期（公园&middot;养生豪庭）',''),(82,'上海','31','闵行','minhang','春申景城（一期）',''),(83,'上海','31','闵行','minhang','新明星花园（一至三期）',''),(84,'上海','31','闵行','minhang','金汇华光城',''),(85,'上海','31','闵行','minhang','名都城（二期至三期）',''),(86,'上海','31','闵行','minhang','蔚蓝城市花园',''),(87,'上海','31','闵行','minhang','万科假日风景',''),(88,'上海','31','闵行','minhang','南方新村',''),(89,'上海','31','闵行','minhang','好世鹿鸣苑',''),(90,'上海','31','闵行','minhang','古北新城（一至四期）',''),(91,'上海','31','闵行','minhang','万科朗润园',''),(92,'上海','31','闵行','minhang','平阳四街坊',''),(93,'上海','31','闵行','minhang','春申玫瑰苑',''),(94,'上海','31','闵行','minhang','平吉一村',''),(95,'上海','31','闵行','minhang','万科城市花园（一至五期）',''),(96,'上海','31','闵行','minhang','天籁园',''),(97,'上海','31','闵行','minhang','新浦江城',''),(98,'上海','31','闵行','minhang','梅陇二村',''),(99,'上海','31','闵行','minhang','圣得恒业花园',''),(100,'上海','31','闵行','minhang','莘城公寓',''),(101,'上海','31','闵行','minhang','广海花园（一至三期）',''),(102,'上海','31','闵行','minhang','奥塞花园',''),(103,'上海','31','闵行','minhang','柏林春天（一至二期）',''),(104,'上海','31','闵行','minhang','龙柏香榭苑',''),(105,'上海','31','闵行','minhang','中城绿苑',''),(106,'上海','31','闵行','minhang','金汇鸿锦苑',''),(107,'上海','31','闵行','minhang','江南欣苑',''),(108,'上海','31','闵行','minhang','名都城一期',''),(109,'上海','31','闵行','minhang','望族苑',''),(110,'上海','31','闵行','minhang','华唐苑',''),(111,'上海','31','闵行','minhang','夏朵小城三期',''),(112,'上海','31','闵行','minhang','未名园',''),(113,'上海','31','闵行','minhang','黎明花园',''),(114,'上海','31','闵行','minhang','贵峰苑',''),(115,'上海','31','闵行','minhang','西郊九韵城',''),(116,'上海','31','闵行','minhang','新梅莘苑',''),(117,'上海','31','闵行','minhang','古美西路316弄',''),(118,'上海','31','闵行','minhang','新梅公寓（一至三期）',''),(119,'上海','31','闵行','minhang','绿水家园',''),(120,'上海','31','闵行','minhang','银泰苑',''),(121,'上海','31','闵行','minhang','莲花河畔景苑',''),(122,'上海','31','闵行','minhang','万科时一区',''),(123,'上海','31','闵行','minhang','东兰世茗雅苑',''),(124,'上海','31','闵行','minhang','航华四村一街坊',''),(125,'上海','31','闵行','minhang','龙柏二村',''),(126,'上海','31','闵行','minhang','丽华公寓',''),(127,'上海','31','闵行','minhang','东方花园一期',''),(128,'上海','31','闵行','minhang','日月华城',''),(129,'上海','31','闵行','minhang','莘城苑一期',''),(130,'上海','31','闵行','minhang','丹桂花园',''),(131,'上海','31','闵行','minhang','汇颂南苑',''),(132,'上海','31','闵行','minhang','中祥哥德堡',''),(133,'上海','31','闵行','minhang','航华一村二街坊',''),(134,'上海','31','闵行','minhang','金铭文博水景苑',''),(135,'上海','31','闵行','minhang','春江锦庐',''),(136,'上海','31','闵行','minhang','浦江华侨城（新浦江城二期）',''),(137,'上海','31','闵行','minhang','莲蒲府邸',''),(138,'上海','31','闵行','minhang','万泰花园',''),(139,'上海','31','闵行','minhang','旖和园',''),(140,'上海','31','闵行','minhang','万科七宝国际',''),(141,'上海','31','闵行','minhang','金俊苑',''),(142,'上海','31','闵行','minhang','绿地新干线',''),(143,'上海','31','闵行','minhang','万源城逸郡',''),(144,'上海','31','闵行','minhang','浦江丽都',''),(145,'上海','31','闵行','minhang','浦江世博家园八街坊',''),(146,'上海','31','闵行','minhang','中友嘉园',''),(147,'上海','31','闵行','minhang','招商&middot;雍华府',''),(148,'上海','31','闵行','minhang','凯德林茵湖畔',''),(149,'上海','31','闵行','minhang','春申景城三期',''),(150,'上海','31','闵行','minhang','虹梅新苑',''),(151,'上海','31','闵行','minhang','中梅苑（一至三期）',''),(152,'上海','31','闵行','minhang','金汇花园一街坊',''),(153,'上海','31','闵行','minhang','万源新城',''),(154,'上海','31','闵行','minhang','水清年华',''),(155,'上海','31','闵行','minhang','众众&middot;德尚世嘉',''),(156,'上海','31','闵行','minhang','昆阳小区',''),(157,'上海','31','闵行','minhang','鹤北新村二街坊',''),(158,'上海','31','闵行','minhang','绿地峰尚汇',''),(159,'上海','31','闵行','minhang','蓼花汀花园',''),(160,'上海','31','闵行','minhang','欧香名邸',''),(161,'上海','31','闵行','minhang','虹桥1号',''),(162,'上海','31','闵行','minhang','奥玎宫廷别墅',''),(163,'上海','31','闵行','minhang','虹桥高尔夫别墅',''),(164,'上海','31','闵行','minhang','东方御花园（一至二期）',''),(165,'上海','31','闵行','minhang','浦江颐城晶寓',''),(166,'上海','31','闵行','minhang','合生城邦四街坊',''),(167,'上海','31','闵行','minhang','品家都市星城（一至二期）',''),(168,'上海','31','闵行','minhang','航华二村三街坊',''),(169,'上海','31','闵行','minhang','金色探戈',''),(170,'上海','31','闵行','minhang','浦江世博家园七街坊',''),(171,'上海','31','闵行','minhang','罗阳一村',''),(172,'上海','31','闵行','minhang','平南一村',''),(173,'上海','31','闵行','minhang','夏朵小城二期',''),(174,'上海','31','闵行','minhang','景江苑',''),(175,'上海','31','闵行','minhang','浦江世博家园二街坊',''),(176,'上海','31','闵行','minhang','宝安新苑',''),(177,'上海','31','闵行','minhang','天恒名城',''),(178,'上海','31','闵行','minhang','金硕河畔',''),(179,'上海','31','闵行','minhang','复地北桥城',''),(180,'上海','31','闵行','minhang','万顺水原墅',''),(181,'上海','31','闵行','minhang','万科翡翠别墅',''),(182,'上海','31','闵行','minhang','九歌花园',''),(183,'上海','31','闵行','minhang','梅陇城世纪苑',''),(184,'上海','31','闵行','minhang','都市宜家苑',''),(185,'上海','31','闵行','minhang','飞碟苑',''),(186,'上海','31','闵行','minhang','东方花园二期（四季运动汇）',''),(187,'上海','31','闵行','minhang','马德里洋房',''),(188,'上海','31','闵行','minhang','浦江世博家园四街坊',''),(189,'上海','31','闵行','minhang','新梅广场',''),(190,'上海','31','闵行','minhang','万源城尚郡',''),(191,'上海','31','闵行','minhang','东苑怡和苑',''),(192,'上海','31','闵行','minhang','东苑绿世界花园（一至三期）',''),(193,'上海','31','闵行','minhang','金汇豪庭',''),(194,'上海','31','闵行','minhang','美邻苑',''),(195,'上海','31','闵行','minhang','君莲新城中城苑',''),(196,'上海','31','闵行','minhang','万科花园小城',''),(197,'上海','31','闵行','minhang','金汇丽舍',''),(198,'上海','31','闵行','minhang','丽都城',''),(199,'上海','31','闵行','minhang','龙柏四村',''),(200,'上海','31','闵行','minhang','嘉和花苑（一至四期）','');

/*!40101 SET SQL_MODE=@OLD_SQL_MODE */;
/*!40014 SET UNIQUE_CHECKS=@OLD_UNIQUE_CHECKS */;
/*!40111 SET SQL_NOTES=@OLD_SQL_NOTES */;
